{
  "2021-12-2-16-0": {
    "Temperature": 18.06,
    "Humidity": 77.59375,
    "Pressure": 1015.6342412451362,
    "UV": 0.07731958762886597,
    "AmbientLight": 237.06896551724137
  },
  "2021-12-2-16-1": {
    "Temperature": 17.94,
    "Humidity": 77.75,
    "Pressure": 1015.699855039292,
    "UV": 0.07731958762886597,
    "AmbientLight": 280.17241379310343
  },
  "2021-12-2-16-2": {
    "Temperature": 17.82,
    "Humidity": 78.265625,
    "Pressure": 1015.6736095216297,
    "UV": 0.02577319587628866,
    "AmbientLight": 280.17241379310343
  },
  "2021-12-2-16-3": {
    "Temperature": 17.74,
    "Humidity": 78.671875,
    "Pressure": 1015.7261005569543,
    "UV": 0.05154639175257732,
    "AmbientLight": 193.9655172413793
  },
  "2021-12-2-16-4": {
    "Temperature": 17.68,
    "Humidity": 78.671875,
    "Pressure": 1015.6736095216297,
    "UV": 0.10309278350515463,
    "AmbientLight": 150.86206896551724
  },
  "2021-12-2-16-5": {
    "Temperature": 17.62,
    "Humidity": 79.078125,
    "Pressure": 1015.7523460746166,
    "UV": 0.02577319587628866,
    "AmbientLight": 215.51724137931032
  },
  "2021-12-2-16-6": {
    "Temperature": 17.56,
    "Humidity": 79.515625,
    "Pressure": 1015.7523460746166,
    "UV": 0.07731958762886597,
    "AmbientLight": 193.9655172413793
  },
  "2021-12-2-16-7": {
    "Temperature": 17.54,
    "Humidity": 79.921875,
    "Pressure": 1015.7523460746166,
    "UV": 0.0,
    "AmbientLight": 150.86206896551724
  },
  "2021-12-2-16-8": {
    "Temperature": 17.54,
    "Humidity": 80.171875,
    "Pressure": 1015.8048371099412,
    "UV": 0.02577319587628866,
    "AmbientLight": 172.41379310344826
  },
  "2021-12-2-16-9": {
    "Temperature": 17.56,
    "Humidity": 80.21875,
    "Pressure": 1015.778591592279,
    "UV": 0.0,
    "AmbientLight": 107.75862068965516
  },
  "2021-12-2-16-10": {
    "Temperature": 17.54,
    "Humidity": 80.46875,
    "Pressure": 1015.778591592279,
    "UV": 0.0,
    "AmbientLight": 107.75862068965516
  },
  "2021-12-2-16-11": {
    "Temperature": 17.52,
    "Humidity": 80.6875,
    "Pressure": 1015.8310826276036,
    "UV": 0.0,
    "AmbientLight": 172.41379310344826
  },
  "2021-12-2-16-12": {
    "Temperature": 17.48,
    "Humidity": 81.1875,
    "Pressure": 1015.8048371099412,
    "UV": 0.05154639175257732,
    "AmbientLight": 150.86206896551724
  },
  "2021-12-2-16-13": {
    "Temperature": 17.46,
    "Humidity": 81.328125,
    "Pressure": 1015.8704509040971,
    "UV": 0.07731958762886597,
    "AmbientLight": 150.86206896551724
  },
  "2021-12-2-16-14": {
    "Temperature": 17.44,
    "Humidity": 81.515625,
    "Pressure": 1015.9229419394217,
    "UV": 0.02577319587628866,
    "AmbientLight": 86.20689655172413
  },
  "2021-12-2-16-15": {
    "Temperature": 17.5,
    "Humidity": 81.71875,
    "Pressure": 1015.8704509040971,
    "UV": 0.02577319587628866,
    "AmbientLight": 107.75862068965516
  },
  "2021-12-2-16-16": {
    "Temperature": 17.54,
    "Humidity": 81.921875,
    "Pressure": 1015.9229419394217,
    "UV": 0.0,
    "AmbientLight": 64.6551724137931
  },
  "2021-12-2-16-17": {
    "Temperature": 17.74,
    "Humidity": 82.1875,
    "Pressure": 1015.8704509040971,
    "UV": 0.05154639175257732,
    "AmbientLight": 86.20689655172413
  },
  "2021-12-2-16-18": {
    "Temperature": 18.04,
    "Humidity": 82.390625,
    "Pressure": 1015.8966964217593,
    "UV": 0.02577319587628866,
    "AmbientLight": 107.75862068965516
  },
  "2021-12-2-16-19": {
    "Temperature": 18.42,
    "Humidity": 82.3125,
    "Pressure": 1015.9229419394217,
    "UV": 0.02577319587628866,
    "AmbientLight": 86.20689655172413
  },
  "2021-12-2-16-20": {
    "Temperature": 18.66,
    "Humidity": 82.015625,
    "Pressure": 1015.8966964217593,
    "UV": 0.0,
    "AmbientLight": 64.6551724137931
  },
  "2021-12-2-16-21": {
    "Temperature": 18.56,
    "Humidity": 81.140625,
    "Pressure": 1015.949187457084,
    "UV": 0.02577319587628866,
    "AmbientLight": 150.86206896551724
  },
  "2021-12-2-16-22": {
    "Temperature": 18.38,
    "Humidity": 80.6875,
    "Pressure": 1015.8966964217593,
    "UV": 0.02577319587628866,
    "AmbientLight": 64.6551724137931
  },
  "2021-12-2-16-23": {
    "Temperature": 18.16,
    "Humidity": 80.53125,
    "Pressure": 1015.9229419394217,
    "UV": 0.0,
    "AmbientLight": 86.20689655172413
  },
  "2021-12-2-16-24": {
    "Temperature": 18.0,
    "Humidity": 80.5,
    "Pressure": 1015.8966964217593,
    "UV": 0.0,
    "AmbientLight": 64.6551724137931
  },
  "2021-12-2-16-25": {
    "Temperature": 17.92,
    "Humidity": 80.546875,
    "Pressure": 1015.8704509040971,
    "UV": 0.05154639175257732,
    "AmbientLight": 107.75862068965516
  },
  "2021-12-2-16-26": {
    "Temperature": 17.8,
    "Humidity": 80.671875,
    "Pressure": 1015.8966964217593,
    "UV": 0.02577319587628866,
    "AmbientLight": 21.551724137931032
  },
  "2021-12-2-16-27": {
    "Temperature": 17.66,
    "Humidity": 80.875,
    "Pressure": 1015.8310826276036,
    "UV": 0.0,
    "AmbientLight": 21.551724137931032
  },
  "2021-12-2-16-28": {
    "Temperature": 17.52,
    "Humidity": 80.953125,
    "Pressure": 1015.9229419394217,
    "UV": 0.0,
    "AmbientLight": 21.551724137931032
  },
  "2021-12-2-16-29": {
    "Temperature": 17.34,
    "Humidity": 81.28125,
    "Pressure": 1015.8966964217593,
    "UV": 0.02577319587628866,
    "AmbientLight": 43.103448275862064
  },
  "2021-12-2-16-30": {
    "Temperature": 17.2,
    "Humidity": 81.59375,
    "Pressure": 1015.8310826276036,
    "UV": 0.0,
    "AmbientLight": 0.0
  },
  "2021-12-2-16-31": {
    "Temperature": 17.1,
    "Humidity": 81.75,
    "Pressure": 1015.8704509040971,
    "UV": 0.05154639175257732,
    "AmbientLight": 64.6551724137931
  },
  "2021-12-2-16-32": {
    "Temperature": 17.02,
    "Humidity": 82.1875,
    "Pressure": 1015.8310826276036,
    "UV": 0.02577319587628866,
    "AmbientLight": 43.103448275862064
  },
  "2021-12-2-16-33": {
    "Temperature": 16.96,
    "Humidity": 82.46875,
    "Pressure": 1015.8048371099412,
    "UV": 0.02577319587628866,
    "AmbientLight": 21.551724137931032
  },
  "2021-12-2-16-34": {
    "Temperature": 16.94,
    "Humidity": 82.484375,
    "Pressure": 1015.8048371099412,
    "UV": 0.05154639175257732,
    "AmbientLight": 43.103448275862064
  },
  "2021-12-2-16-35": {
    "Temperature": 16.98,
    "Humidity": 82.890625,
    "Pressure": 1015.8310826276036,
    "UV": 0.0,
    "AmbientLight": 0.0
  },
  "2021-12-2-16-36": {
    "Temperature": 17.14,
    "Humidity": 83.03125,
    "Pressure": 1015.8310826276036,
    "UV": 0.0,
    "AmbientLight": 43.103448275862064
  },
  "2021-12-2-16-37": {
    "Temperature": 17.58,
    "Humidity": 83.484375,
    "Pressure": 1015.8310826276036,
    "UV": 0.02577319587628866,
    "AmbientLight": 43.103448275862064
  },
  "2021-12-2-16-38": {
    "Temperature": 18.32,
    "Humidity": 83.9375,
    "Pressure": 1015.8704509040971,
    "UV": 0.0,
    "AmbientLight": 21.551724137931032
  },
  "2021-12-2-16-39": {
    "Temperature": 19.06,
    "Humidity": 83.796875,
    "Pressure": 1015.8048371099412,
    "UV": 0.05154639175257732,
    "AmbientLight": 0.0
  },
  "2021-12-2-16-40": {
    "Temperature": 19.74,
    "Humidity": 82.859375,
    "Pressure": 1015.8048371099412,
    "UV": 0.0,
    "AmbientLight": 43.103448275862064
  },
  "2021-12-2-16-41": {
    "Temperature": 20.08,
    "Humidity": 81.5625,
    "Pressure": 1015.8966964217593,
    "UV": 0.0,
    "AmbientLight": 21.551724137931032
  },
  "2021-12-2-16-42": {
    "Temperature": 20.16,
    "Humidity": 80.078125,
    "Pressure": 1015.949187457084,
    "UV": 0.0,
    "AmbientLight": 0.0
  },
  "2021-12-2-16-43": {
    "Temperature": 19.92,
    "Humidity": 78.8125,
    "Pressure": 1015.9229419394217,
    "UV": 0.0,
    "AmbientLight": 21.551724137931032
  },
  "2021-12-2-16-44": {
    "Temperature": 19.46,
    "Humidity": 77.984375,
    "Pressure": 1015.8966964217593,
    "UV": 0.02577319587628866,
    "AmbientLight": 0.0
  },