{
  "2021-12-1-1-0": {
    "Temperature": 17.8,
    "Humidity": 76.859375,
    "Pressure": 1008.4036011291677,
    "UV": 0.0,
    "AmbientLight": 43.103448275862064
  },
  "2021-12-1-1-1": {
    "Temperature": 17.48,
    "Humidity": 77.4375,
    "Pressure": 1008.2330052643625,
    "UV": 0.0,
    "AmbientLight": 43.103448275862064
  },
  "2021-12-1-1-2": {
    "Temperature": 17.32,
    "Humidity": 78.0625,
    "Pressure": 1007.9705500877394,
    "UV": 0.02577319587628866,
    "AmbientLight": 0.0
  },
  "2021-12-1-1-3": {
    "Temperature": 17.18,
    "Humidity": 78.59375,
    "Pressure": 1007.8261997405966,
    "UV": 0.0,
    "AmbientLight": 0.0
  },
  "2021-12-1-1-4": {
    "Temperature": 17.14,
    "Humidity": 79.046875,
    "Pressure": 1007.7474631876097,
    "UV": 0.0,
    "AmbientLight": 0.0
  },
  "2021-12-1-1-5": {
    "Temperature": 17.16,
    "Humidity": 79.59375,
    "Pressure": 1007.7212176699474,
    "UV": 0.0,
    "AmbientLight": 0.0
  },
  "2021-12-1-1-6": {
    "Temperature": 17.4,
    "Humidity": 80.15625,
    "Pressure": 1007.7474631876097,
    "UV": 0.0,
    "AmbientLight": 21.551724137931032
  },
  "2021-12-1-1-7": {
    "Temperature": 17.9,
    "Humidity": 80.734375,
    "Pressure": 1007.8261997405966,
    "UV": 0.0,
    "AmbientLight": 21.551724137931032
  },
  "2021-12-1-1-8": {
    "Temperature": 18.5,
    "Humidity": 80.984375,
    "Pressure": 1007.773708705272,
    "UV": 0.0,
    "AmbientLight": 21.551724137931032
  },
  "2021-12-1-1-9": {
    "Temperature": 19.26,
    "Humidity": 80.921875,
    "Pressure": 1007.773708705272,
    "UV": 0.0,
    "AmbientLight": 21.551724137931032
  },
  "2021-12-1-1-10": {
    "Temperature": 19.82,
    "Humidity": 79.40625,
    "Pressure": 1007.6687266346228,
    "UV": 0.0,
    "AmbientLight": 43.103448275862064
  },
  "2021-12-1-1-11": {
    "Temperature": 20.12,
    "Humidity": 78.390625,
    "Pressure": 1007.7474631876097,
    "UV": 0.0,
    "AmbientLight": 21.551724137931032
  },
  "2021-12-1-1-12": {
    "Temperature": 20.06,
    "Humidity": 76.9375,
    "Pressure": 1007.7999542229343,
    "UV": 0.0,
    "AmbientLight": 0.0
  },
  "2021-12-1-1-13": {
    "Temperature": 19.7,
    "Humidity": 76.03125,
    "Pressure": 1007.694972152285,
    "UV": 0.07731958762886597,
    "AmbientLight": 0.0
  },
  "2021-12-1-1-14": {
    "Temperature": 19.28,
    "Humidity": 75.796875,
    "Pressure": 1007.52437628748,
    "UV": 0.0,
    "AmbientLight": 0.0
  },
  "2021-12-1-1-15": {
    "Temperature": 18.88,
    "Humidity": 75.796875,
    "Pressure": 1007.4325169756619,
    "UV": 0.0,
    "AmbientLight": 0.0
  },
  "2021-12-1-1-16": {
    "Temperature": 18.44,
    "Humidity": 75.9375,
    "Pressure": 1007.3931486991684,
    "UV": 0.0,
    "AmbientLight": 0.0
  },
  "2021-12-1-1-17": {
    "Temperature": 18.12,
    "Humidity": 76.234375,
    "Pressure": 1007.3406576638438,
    "UV": 0.0,
    "AmbientLight": 21.551724137931032
  },
  "2021-12-1-1-18": {
    "Temperature": 17.78,
    "Humidity": 76.8125,
    "Pressure": 1007.3406576638438,
    "UV": 0.0,
    "AmbientLight": 0.0
  },
  "2021-12-1-1-19": {
    "Temperature": 17.48,
    "Humidity": 77.171875,
    "Pressure": 1007.2225528343633,
    "UV": 0.0,
    "AmbientLight": 43.103448275862064
  },
  "2021-12-1-1-20": {
    "Temperature": 17.26,
    "Humidity": 77.921875,
    "Pressure": 1007.2225528343633,
    "UV": 0.0,
    "AmbientLight": 0.0
  },
  "2021-12-1-1-21": {
    "Temperature": 17.16,
    "Humidity": 78.625,
    "Pressure": 1007.196307316701,
    "UV": 0.02577319587628866,
    "AmbientLight": 0.0
  }
}