{
  "2021-12-1-1-0": {
    "Temperature": 18.14,
    "Humidity": 78.265625,
    "Pressure": 1009.3353170061799,
    "UV": 0.0,
    "AmbientLight": 43.103448275862064
  },
  "2021-12-1-1-1": {
    "Temperature": 17.82,
    "Humidity": 78.546875,
    "Pressure": 1009.2303349355307,
    "UV": 0.0,
    "AmbientLight": 0.0
  },
  "2021-12-1-1-2": {
    "Temperature": 17.6,
    "Humidity": 79.078125,
    "Pressure": 1008.9153887235829,
    "UV": 0.07731958762886597,
    "AmbientLight": 21.551724137931032
  },
  "2021-12-1-1-3": {
    "Temperature": 17.48,
    "Humidity": 79.65625,
    "Pressure": 1008.7316700999465,
    "UV": 0.02577319587628866,
    "AmbientLight": 43.103448275862064
  },
  "2021-12-1-1-4": {
    "Temperature": 17.38,
    "Humidity": 80.15625,
    "Pressure": 1008.6660563057908,
    "UV": 0.02577319587628866,
    "AmbientLight": 0.0
  },
  "2021-12-1-1-5": {
    "Temperature": 17.4,
    "Humidity": 80.609375,
    "Pressure": 1008.6398107881284,
    "UV": 0.0,
    "AmbientLight": 43.103448275862064
  },
  "2021-12-1-1-6": {
    "Temperature": 17.62,
    "Humidity": 81.09375,
    "Pressure": 1008.6660563057908,
    "UV": 0.0,
    "AmbientLight": 0.0
  },
  "2021-12-1-1-7": {
    "Temperature": 18.08,
    "Humidity": 81.671875,
    "Pressure": 1008.7579156176089,
    "UV": 0.0,
    "AmbientLight": 21.551724137931032
  },
  "2021-12-1-1-8": {
    "Temperature": 18.74,
    "Humidity": 82.015625,
    "Pressure": 1008.7841611352712,
    "UV": 0.02577319587628866,
    "AmbientLight": 21.551724137931032
  },
  "2021-12-1-1-9": {
    "Temperature": 19.46,
    "Humidity": 82.15625,
    "Pressure": 1008.7054245822843,
    "UV": 0.0,
    "AmbientLight": 0.0
  },
  "2021-12-1-1-10": {
    "Temperature": 20.02,
    "Humidity": 81.4375,
    "Pressure": 1008.6660563057908,
    "UV": 0.0,
    "AmbientLight": 0.0
  },
  "2021-12-1-1-11": {
    "Temperature": 20.3,
    "Humidity": 80.34375,
    "Pressure": 1008.6660563057908,
    "UV": 0.0,
    "AmbientLight": 0.0
  },
  "2021-12-1-1-12": {
    "Temperature": 20.34,
    "Humidity": 78.984375,
    "Pressure": 1008.6660563057908,
    "UV": 0.0,
    "AmbientLight": 0.0
  },
  "2021-12-1-1-13": {
    "Temperature": 20.02,
    "Humidity": 78.09375,
    "Pressure": 1008.5873197528039,
    "UV": 0.02577319587628866,
    "AmbientLight": 0.0
  },
  "2021-12-1-1-14": {
    "Temperature": 19.64,
    "Humidity": 77.578125,
    "Pressure": 1008.4560921644922,
    "UV": 0.02577319587628866,
    "AmbientLight": 43.103448275862064
  },
  "2021-12-1-1-15": {
    "Temperature": 19.2,
    "Humidity": 77.34375,
    "Pressure": 1008.3642328526741,
    "UV": 0.0,
    "AmbientLight": 0.0
  },
  "2021-12-1-1-16": {
    "Temperature": 18.8,
    "Humidity": 77.546875,
    "Pressure": 1008.3117418173495,
    "UV": 0.0,
    "AmbientLight": 0.0
  },
  "2021-12-1-1-17": {
    "Temperature": 18.38,
    "Humidity": 77.703125,
    "Pressure": 1008.2330052643625,
    "UV": 0.05154639175257732,
    "AmbientLight": 64.6551724137931
  },
  "2021-12-1-1-18": {
    "Temperature": 18.08,
    "Humidity": 78.21875,
    "Pressure": 1008.1673914702068,
    "UV": 0.0,
    "AmbientLight": 0.0
  },
  "2021-12-1-1-19": {
    "Temperature": 17.76,
    "Humidity": 78.8125,
    "Pressure": 1008.1411459525444,
    "UV": 0.0,
    "AmbientLight": 21.551724137931032
  },
  "2021-12-1-1-20": {
    "Temperature": 17.54,
    "Humidity": 79.265625,
    "Pressure": 1008.1673914702068,
    "UV": 0.0,
    "AmbientLight": 0.0
  },
  "2021-12-1-1-21": {
    "Temperature": 17.4,
    "Humidity": 79.796875,
    "Pressure": 1008.0624093995575,
    "UV": 0.02577319587628866,
    "AmbientLight": 0.0
  }
}