{
  "2021-12-1-0-0": {
    "Temperature": 20.16,
    "Humidity": 81.140625,
    "Pressure": 1010.7656977187762,
    "UV": 0.02577319587628866,
    "AmbientLight": 0.0
  },
  "2021-12-1-0-1": {
    "Temperature": 20.06,
    "Humidity": 79.765625,
    "Pressure": 1010.6475928892958,
    "UV": 0.0,
    "AmbientLight": 0.0
  },
  "2021-12-1-0-2": {
    "Temperature": 19.82,
    "Humidity": 78.9375,
    "Pressure": 1010.6475928892958,
    "UV": 0.0,
    "AmbientLight": 0.0
  },
  "2021-12-1-0-3": {
    "Temperature": 19.44,
    "Humidity": 78.171875,
    "Pressure": 1010.5951018539712,
    "UV": 0.0,
    "AmbientLight": 0.0
  },
  "2021-12-1-0-4": {
    "Temperature": 18.98,
    "Humidity": 77.90625,
    "Pressure": 1010.5426108186465,
    "UV": 0.10309278350515463,
    "AmbientLight": 21.551724137931032
  },
  "2021-12-1-0-5": {
    "Temperature": 18.58,
    "Humidity": 78.03125,
    "Pressure": 1010.4901197833219,
    "UV": 0.0,
    "AmbientLight": 21.551724137931032
  },
  "2021-12-1-0-6": {
    "Temperature": 18.2,
    "Humidity": 78.40625,
    "Pressure": 1010.424505989166,
    "UV": 0.05154639175257732,
    "AmbientLight": 21.551724137931032
  },
  "2021-12-1-0-7": {
    "Temperature": 17.84,
    "Humidity": 78.859375,
    "Pressure": 1010.3982604715038,
    "UV": 0.0,
    "AmbientLight": 21.551724137931032
  },
  "2021-12-1-0-8": {
    "Temperature": 17.56,
    "Humidity": 79.359375,
    "Pressure": 1010.2932784008545,
    "UV": 0.02577319587628866,
    "AmbientLight": 21.551724137931032
  },
  "2021-12-1-0-9": {
    "Temperature": 17.42,
    "Humidity": 79.9375,
    "Pressure": 1010.253910124361,
    "UV": 0.0,
    "AmbientLight": 0.0
  },
  "2021-12-1-0-10": {
    "Temperature": 17.42,
    "Humidity": 80.4375,
    "Pressure": 1010.3982604715038,
    "UV": 0.02577319587628866,
    "AmbientLight": 21.551724137931032
  },
  "2021-12-1-0-11": {
    "Temperature": 17.54,
    "Humidity": 81.0625,
    "Pressure": 1010.3982604715038,
    "UV": 0.02577319587628866,
    "AmbientLight": 21.551724137931032
  },
  "2021-12-1-0-12": {
    "Temperature": 17.84,
    "Humidity": 81.59375,
    "Pressure": 1010.4507515068284,
    "UV": 0.02577319587628866,
    "AmbientLight": 0.0
  },
  "2021-12-1-0-13": {
    "Temperature": 18.36,
    "Humidity": 82.09375,
    "Pressure": 1010.424505989166,
    "UV": 0.05154639175257732,
    "AmbientLight": 21.551724137931032
  },
  "2021-12-1-0-14": {
    "Temperature": 19.04,
    "Humidity": 82.296875,
    "Pressure": 1010.424505989166,
    "UV": 0.0,
    "AmbientLight": 0.0
  },
  "2021-12-1-0-15": {
    "Temperature": 19.9,
    "Humidity": 82.375,
    "Pressure": 1010.424505989166,
    "UV": 0.0,
    "AmbientLight": 0.0
  },
  "2021-12-1-0-16": {
    "Temperature": 20.68,
    "Humidity": 81.65625,
    "Pressure": 1010.4769970244907,
    "UV": 0.02577319587628866,
    "AmbientLight": 0.0
  },
  "2021-12-1-0-17": {
    "Temperature": 20.78,
    "Humidity": 79.84375,
    "Pressure": 1010.5426108186465,
    "UV": 0.0,
    "AmbientLight": 43.103448275862064
  },
  "2021-12-1-0-18": {
    "Temperature": 20.5,
    "Humidity": 78.390625,
    "Pressure": 1010.5688563363088,
    "UV": 0.0,
    "AmbientLight": 21.551724137931032
  },
  "2021-12-1-0-19": {
    "Temperature": 20.14,
    "Humidity": 77.75,
    "Pressure": 1010.5951018539712,
    "UV": 0.02577319587628866,
    "AmbientLight": 0.0
  },
  "2021-12-1-0-20": {
    "Temperature": 19.78,
    "Humidity": 77.53125,
    "Pressure": 1010.5688563363088,
    "UV": 0.0,
    "AmbientLight": 0.0
  },
  "2021-12-1-0-21": {
    "Temperature": 19.4,
    "Humidity": 77.21875,
    "Pressure": 1010.4901197833219,
    "UV": 0.05154639175257732,
    "AmbientLight": 21.551724137931032
  },
  "2021-12-1-0-22": {
    "Temperature": 18.96,
    "Humidity": 77.25,
    "Pressure": 1010.4507515068284,
    "UV": 0.0,
    "AmbientLight": 0.0
  },
  "2021-12-1-0-23": {
    "Temperature": 18.56,
    "Humidity": 77.640625,
    "Pressure": 1010.3982604715038,
    "UV": 0.07731958762886597,
    "AmbientLight": 21.551724137931032
  },
  "2021-12-1-0-24": {
    "Temperature": 18.18,
    "Humidity": 78.125,
    "Pressure": 1010.2670328831922,
    "UV": 0.0,
    "AmbientLight": 0.0
  },
  "2021-12-1-0-25": {
    "Temperature": 17.86,
    "Humidity": 78.46875,
    "Pressure": 1010.1489280537118,
    "UV": 0.02577319587628866,
    "AmbientLight": 43.103448275862064
  },
  "2021-12-1-0-26": {
    "Temperature": 17.62,
    "Humidity": 78.875,
    "Pressure": 1010.2014190890364,
    "UV": 0.0,
    "AmbientLight": 21.551724137931032
  },
  "2021-12-1-0-27": {
    "Temperature": 17.34,
    "Humidity": 79.3125,
    "Pressure": 1010.1751735713741,
    "UV": 0.0,
    "AmbientLight": 21.551724137931032
  },
  "2021-12-1-0-28": {
    "Temperature": 17.22,
    "Humidity": 80.0,
    "Pressure": 1010.0701915007248,
    "UV": 0.0,
    "AmbientLight": 21.551724137931032
  },
  "2021-12-1-0-29": {
    "Temperature": 17.24,
    "Humidity": 80.65625,
    "Pressure": 1009.9783321889067,
    "UV": 0.0,
    "AmbientLight": 0.0
  },
  "2021-12-1-0-30": {
    "Temperature": 17.4,
    "Humidity": 81.25,
    "Pressure": 1009.8733501182575,
    "UV": 0.0,
    "AmbientLight": 0.0
  },
  "2021-12-1-0-31": {
    "Temperature": 17.68,
    "Humidity": 81.71875,
    "Pressure": 1009.8995956359197,
    "UV": 0.02577319587628866,
    "AmbientLight": 0.0
  },
  "2021-12-1-0-32": {
    "Temperature": 18.14,
    "Humidity": 82.21875,
    "Pressure": 1009.8208590829328,
    "UV": 0.02577319587628866,
    "AmbientLight": 43.103448275862064
  },
  "2021-12-1-0-33": {
    "Temperature": 18.76,
    "Humidity": 82.390625,
    "Pressure": 1009.7027542534523,
    "UV": 0.0,
    "AmbientLight": 0.0
  },
  "2021-12-1-0-34": {
    "Temperature": 19.64,
    "Humidity": 82.671875,
    "Pressure": 1009.597772182803,
    "UV": 0.0,
    "AmbientLight": 0.0
  },
  "2021-12-1-0-35": {
    "Temperature": 20.36,
    "Humidity": 81.90625,
    "Pressure": 1009.427176317998,
    "UV": 0.0,
    "AmbientLight": 0.0
  },
  "2021-12-1-0-36": {
    "Temperature": 20.52,
    "Humidity": 80.09375,
    "Pressure": 1009.2828259708552,
    "UV": 0.0,
    "AmbientLight": 0.0
  },
  "2021-12-1-0-37": {
    "Temperature": 20.34,
    "Humidity": 78.625,
    "Pressure": 1009.1384756237126,
    "UV": 0.0,
    "AmbientLight": 21.551724137931032
  },
  "2021-12-1-0-38": {
    "Temperature": 20.08,
    "Humidity": 78.0625,
    "Pressure": 1009.0597390707255,
    "UV": 0.02577319587628866,
    "AmbientLight": 43.103448275862064
  },
  "2021-12-1-0-39": {
    "Temperature": 19.72,
    "Humidity": 77.671875,
    "Pressure": 1008.928511482414,
    "UV": 0.02577319587628866,
    "AmbientLight": 0.0
  },
  "2021-12-1-0-40": {
    "Temperature": 19.26,
    "Humidity": 77.40625,
    "Pressure": 1008.9153887235829,
    "UV": 0.0,
    "AmbientLight": 64.6551724137931
  },
  "2021-12-1-0-41": {
    "Temperature": 18.82,
    "Humidity": 77.546875,
    "Pressure": 1008.7579156176089,
    "UV": 0.0,
    "AmbientLight": 0.0
  },
  "2021-12-1-0-42": {
    "Temperature": 18.44,
    "Humidity": 77.90625,
    "Pressure": 1008.6660563057908,
    "UV": 0.0,
    "AmbientLight": 0.0
  },
  "2021-12-1-0-43": {
    "Temperature": 18.12,
    "Humidity": 78.25,
    "Pressure": 1008.5873197528039,
    "UV": 0.0,
    "AmbientLight": 43.103448275862064
  },
  "2021-12-1-0-44": {
    "Temperature": 17.8,
    "Humidity": 78.625,
    "Pressure": 1008.5610742351415,
    "UV": 0.02577319587628866,
    "AmbientLight": 21.551724137931032
  },
  "2021-12-1-0-45": {
    "Temperature": 17.58,
    "Humidity": 79.265625,
    "Pressure": 1008.5610742351415,
    "UV": 0.0,
    "AmbientLight": 64.6551724137931
  },
  "2021-12-1-0-46": {
    "Temperature": 17.44,
    "Humidity": 79.75,
    "Pressure": 1008.6398107881284,
    "UV": 0.02577319587628866,
    "AmbientLight": 21.551724137931032
  },
  "2021-12-1-0-47": {
    "Temperature": 17.4,
    "Humidity": 80.4375,
    "Pressure": 1008.6923018234531,
    "UV": 0.0,