{
  "2021-12-2-18-3": {
    "Temperature": 17.84,
    "Humidity": 77.484375,
    "Pressure": 1017.9438467994202,
    "UV": 0.05154639175257732,
    "AmbientLight": 0.0
  },
  "2021-12-2-18-4": {
    "Temperature": 17.58,
    "Humidity": 77.859375,
    "Pressure": 1017.9438467994202,
    "UV": 0.0,
    "AmbientLight": 21.551724137931032
  },
  "2021-12-2-18-5": {
    "Temperature": 17.44,
    "Humidity": 78.5,
    "Pressure": 1017.9176012817578,
    "UV": 0.02577319587628866,
    "AmbientLight": 43.103448275862064
  },
  "2021-12-2-18-6": {
    "Temperature": 17.38,
    "Humidity": 79.03125,
    "Pressure": 1017.9176012817578,
    "UV": 0.0,
    "AmbientLight": 0.0
  },
  "2021-12-2-18-7": {
    "Temperature": 17.5,
    "Humidity": 79.5625,
    "Pressure": 1017.9438467994202,
    "UV": 0.02577319587628866,
    "AmbientLight": 64.6551724137931
  },
  "2021-12-2-18-8": {
    "Temperature": 17.76,
    "Humidity": 80.09375,
    "Pressure": 1017.9700923170825,
    "UV": 0.02577319587628866,
    "AmbientLight": 0.0
  },
  "2021-12-2-18-9": {
    "Temperature": 18.24,
    "Humidity": 80.5,
    "Pressure": 1017.9438467994202,
    "UV": 0.07731958762886597,
    "AmbientLight": 0.0
  },
  "2021-12-2-18-10": {
    "Temperature": 18.88,
    "Humidity": 80.78125,
    "Pressure": 1017.9700923170825,
    "UV": 0.0,
    "AmbientLight": 0.0
  },
  "2021-12-2-18-11": {
    "Temperature": 19.64,
    "Humidity": 80.71875,
    "Pressure": 1017.9438467994202,
    "UV": 0.05154639175257732,
    "AmbientLight": 21.551724137931032
  },
  "2021-12-2-18-12": {
    "Temperature": 20.0,
    "Humidity": 79.578125,
    "Pressure": 1017.9700923170825,
    "UV": 0.0,
    "AmbientLight": 0.0
  },
  "2021-12-2-18-13": {
    "Temperature": 19.98,
    "Humidity": 78.171875,
    "Pressure": 1017.9963378347447,
    "UV": 0.0,
    "AmbientLight": 0.0
  },
  "2021-12-2-18-14": {
    "Temperature": 19.92,
    "Humidity": 77.46875,
    "Pressure": 1017.9700923170825,
    "UV": 0.05154639175257732,
    "AmbientLight": 0.0
  },
  "2021-12-2-18-15": {
    "Temperature": 19.64,
    "Humidity": 76.78125,
    "Pressure": 1017.9700923170825,
    "UV": 0.0,
    "AmbientLight": 0.0
  },
  "2021-12-2-18-16": {
    "Temperature": 19.22,
    "Humidity": 76.34375,
    "Pressure": 1018.0225833524071,
    "UV": 0.0,
    "AmbientLight": 0.0
  },
  "2021-12-2-18-17": {
    "Temperature": 18.78,
    "Humidity": 76.296875,
    "Pressure": 1017.9700923170825,
    "UV": 0.02577319587628866,
    "AmbientLight": 0.0
  },
  "2021-12-2-18-18": {
    "Temperature": 18.38,
    "Humidity": 76.515625,
    "Pressure": 1018.0225833524071,
    "UV": 0.0,
    "AmbientLight": 0.0
  },
  "2021-12-2-18-19": {
    "Temperature": 18.04,
    "Humidity": 76.859375,
    "Pressure": 1017.9963378347447,
    "UV": 0.02577319587628866,
    "AmbientLight": 21.551724137931032
  },
  "2021-12-2-18-20": {
    "Temperature": 17.72,
    "Humidity": 77.421875,
    "Pressure": 1018.0488288700694,
    "UV": 0.05154639175257732,
    "AmbientLight": 0.0
  },
  "2021-12-2-18-21": {
    "Temperature": 17.48,
    "Humidity": 77.953125,
    "Pressure": 1017.9963378347447,
    "UV": 0.0,
    "AmbientLight": 43.103448275862064
  },
  "2021-12-2-18-22": {
    "Temperature": 17.36,
    "Humidity": 78.375,
    "Pressure": 1018.0488288700694,
    "UV": 0.0,
    "AmbientLight": 43.103448275862064
  },
  "2021-12-2-18-23": {
    "Temperature": 17.4,
    "Humidity": 78.875,
    "Pressure": 1018.0750743877318,
    "UV": 0.02577319587628866,
    "AmbientLight": 21.551724137931032
  },
  "2021-12-2-18-24": {
    "Temperature": 17.54,
    "Humidity": 79.53125,
    "Pressure": 1018.0750743877318,
    "UV": 0.07731958762886597,
    "AmbientLight": 0.0
  },
  "2021-12-2-18-25": {
    "Temperature": 17.88,
    "Humidity": 79.984375,
    "Pressure": 1018.1144426642252,
    "UV": 0.07731958762886597,
    "AmbientLight": 43.103448275862064
  },
  "2021-12-2-18-26": {
    "Temperature": 18.4,
    "Humidity": 80.4375,
    "Pressure": 1018.1144426642252,
    "UV": 0.0,
    "AmbientLight": 0.0
  },
  "2021-12-2-18-27": {
    "Temperature": 19.06,
    "Humidity": 80.59375,
    "Pressure": 1018.1406881818875,
    "UV": 0.02577319587628866,
    "AmbientLight": 0.0
  },
  "2021-12-2-18-28": {
    "Temperature": 19.84,
    "Humidity": 80.46875,
    "Pressure": 1018.1013199053941,
    "UV": 0.0,
    "AmbientLight": 0.0
  },
  "2021-12-2-18-29": {
    "Temperature": 20.1,
    "Humidity": 79.0625,
    "Pressure": 1018.1144426642252,
    "UV": 0.05154639175257732,
    "AmbientLight": 0.0
  },
  "2021-12-2-18-30": {
    "Temperature": 19.96,
    "Humidity": 77.625,
    "Pressure": 1018.1013199053941,
    "UV": 0.0,
    "AmbientLight": 0.0
  },
  "2021-12-2-18-31": {
    "Temperature": 19.8,
    "Humidity": 77.0,
    "Pressure": 1018.1144426642252,
    "UV": 0.02577319587628866,
    "AmbientLight": 43.103448275862064
  }
}