{
  "2021-12-2-14-47": {
    "Temperature": 24.5,
    "Humidity": 69.9375,
    "Pressure": 1015.8966964217593,
    "UV": 0.3092783505154639,
    "AmbientLight": 1163.7931034482758
  },
  "2021-12-2-14-48": {
    "Temperature": 24.46,
    "Humidity": 69.96875,
    "Pressure": 1015.8966964217593,
    "UV": 0.5670103092783505,
    "AmbientLight": 1293.1034482758619
  },
  "2021-12-2-14-49": {
    "Temperature": 24.4,
    "Humidity": 70.109375,
    "Pressure": 1015.8966964217593,
    "UV": 0.5154639175257731,
    "AmbientLight": 1163.7931034482758
  },
  "2021-12-2-14-50": {
    "Temperature": 24.4,
    "Humidity": 70.3125,
    "Pressure": 1015.8704509040971,
    "UV": 0.8247422680412371,
    "AmbientLight": 3793.103448275862
  },
  "2021-12-2-14-51": {
    "Temperature": 24.38,
    "Humidity": 70.34375,
    "Pressure": 1015.8966964217593,
    "UV": 0.5412371134020618,
    "AmbientLight": 1314.655172413793
  },
  "2021-12-2-14-52": {
    "Temperature": 24.34,
    "Humidity": 70.46875,
    "Pressure": 1015.8179598687724,
    "UV": 0.28350515463917525,
    "AmbientLight": 991.3793103448276
  },
  "2021-12-2-14-53": {
    "Temperature": 24.32,
    "Humidity": 70.65625,
    "Pressure": 1015.8442053864347,
    "UV": 0.48969072164948446,
    "AmbientLight": 1271.551724137931
  },
  "2021-12-2-14-54": {
    "Temperature": 24.3,
    "Humidity": 70.640625,
    "Pressure": 1015.7654688334478,
    "UV": 0.25773195876288657,
    "AmbientLight": 1056.0344827586207
  },
  "2021-12-2-14-55": {
    "Temperature": 24.3,
    "Humidity": 70.765625,
    "Pressure": 1015.8179598687724,
    "UV": 0.46391752577319584,
    "AmbientLight": 1163.7931034482758
  },
  "2021-12-2-14-56": {
    "Temperature": 24.26,
    "Humidity": 70.8125,
    "Pressure": 1015.8442053864347,
    "UV": 0.28350515463917525,
    "AmbientLight": 905.1724137931034
  },
  "2021-12-2-14-57": {
    "Temperature": 24.24,
    "Humidity": 70.84375,
    "Pressure": 1015.8179598687724,
    "UV": 0.7731958762886597,
    "AmbientLight": 3987.068965517241
  },
  "2021-12-2-14-58": {
    "Temperature": 24.28,
    "Humidity": 70.875,
    "Pressure": 1015.8442053864347,
    "UV": 0.747422680412371,
    "AmbientLight": 3642.2413793103447
  },
  "2021-12-2-14-59": {
    "Temperature": 24.42,
    "Humidity": 70.75,
    "Pressure": 1015.8966964217593,
    "UV": 0.3608247422680412,
    "AmbientLight": 883.6206896551723
  }
}