{
  "2021-12-2-15-0": {
    "Temperature": 23.54,
    "Humidity": 77.203125,
    "Pressure": 1015.7523460746166,
    "UV": 0.6185567010309277,
    "AmbientLight": 1163.7931034482758
  },
  "2021-12-2-15-1": {
    "Temperature": 23.5,
    "Humidity": 77.296875,
    "Pressure": 1015.7523460746166,
    "UV": 0.7216494845360824,
    "AmbientLight": 3577.5862068965516
  },
  "2021-12-2-15-2": {
    "Temperature": 23.42,
    "Humidity": 77.4375,
    "Pressure": 1015.79171435111,
    "UV": 0.7731958762886597,
    "AmbientLight": 2198.275862068965
  },
  "2021-12-2-15-3": {
    "Temperature": 23.4,
    "Humidity": 77.5625,
    "Pressure": 1015.7523460746166,
    "UV": 0.38659793814432986,
    "AmbientLight": 1056.0344827586207
  },
  "2021-12-2-15-4": {
    "Temperature": 23.36,
    "Humidity": 77.75,
    "Pressure": 1015.778591592279,
    "UV": 0.3092783505154639,
    "AmbientLight": 883.6206896551723
  },
  "2021-12-2-15-5": {
    "Temperature": 23.28,
    "Humidity": 77.734375,
    "Pressure": 1015.778591592279,
    "UV": 0.1804123711340206,
    "AmbientLight": 926.7241379310344
  },
  "2021-12-2-15-6": {
    "Temperature": 23.24,
    "Humidity": 77.84375,
    "Pressure": 1015.7523460746166,
    "UV": 0.20618556701030927,
    "AmbientLight": 905.1724137931034
  },
  "2021-12-2-15-7": {
    "Temperature": 23.24,
    "Humidity": 77.890625,
    "Pressure": 1015.79171435111,
    "UV": 0.38659793814432986,
    "AmbientLight": 1012.9310344827585
  },
  "2021-12-2-15-8": {
    "Temperature": 23.2,
    "Humidity": 77.96875,
    "Pressure": 1015.8835736629283,
    "UV": 0.3608247422680412,
    "AmbientLight": 948.2758620689655
  },
  "2021-12-2-15-9": {
    "Temperature": 23.22,
    "Humidity": 78.03125,
    "Pressure": 1015.778591592279,
    "UV": 0.46391752577319584,
    "AmbientLight": 1120.6896551724137
  },
  "2021-12-2-15-10": {
    "Temperature": 23.14,
    "Humidity": 78.0625,
    "Pressure": 1015.8573281452659,
    "UV": 0.7989690721649484,
    "AmbientLight": 3512.931034482758
  },
  "2021-12-2-15-11": {
    "Temperature": 23.08,
    "Humidity": 78.046875,
    "Pressure": 1015.8835736629283,
    "UV": 0.8505154639175256,
    "AmbientLight": 2090.5172413793102
  },
  "2021-12-2-15-12": {
    "Temperature": 23.04,
    "Humidity": 78.140625,
    "Pressure": 1015.8573281452659,
    "UV": 0.3092783505154639,
    "AmbientLight": 948.2758620689655
  },
  "2021-12-2-15-13": {
    "Temperature": 22.96,
    "Humidity": 78.265625,
    "Pressure": 1015.8442053864347,
    "UV": 0.6958762886597938,
    "AmbientLight": 3491.3793103448274
  },
  "2021-12-2-15-14": {
    "Temperature": 22.9,
    "Humidity": 78.40625,
    "Pressure": 1015.8835736629283,
    "UV": 0.23195876288659792,
    "AmbientLight": 775.8620689655172
  },
  "2021-12-2-15-15": {
    "Temperature": 22.8,
    "Humidity": 78.625,
    "Pressure": 1015.949187457084,
    "UV": 0.6443298969072164,
    "AmbientLight": 3275.8620689655168
  },
  "2021-12-2-15-16": {
    "Temperature": 22.74,
    "Humidity": 78.703125,
    "Pressure": 1015.9360646982528,
    "UV": 0.6958762886597938,
    "AmbientLight": 3060.3448275862065
  },
  "2021-12-2-15-17": {
    "Temperature": 22.74,
    "Humidity": 78.796875,
    "Pressure": 1015.9754329747464,
    "UV": 0.48969072164948446,
    "AmbientLight": 1163.7931034482758
  },
  "2021-12-2-15-18": {
    "Temperature": 22.72,
    "Humidity": 78.75,
    "Pressure": 1016.0410467689021,
    "UV": 0.8505154639175256,
    "AmbientLight": 3771.5517241379307
  },
  "2021-12-2-15-19": {
    "Temperature": 22.74,
    "Humidity": 78.5625,
    "Pressure": 1015.9754329747464,
    "UV": 0.23195876288659792,
    "AmbientLight": 818.9655172413792
  },
  "2021-12-2-15-20": {
    "Temperature": 22.68,
    "Humidity": 78.65625,
    "Pressure": 1016.0148012512398,
    "UV": 0.38659793814432986,
    "AmbientLight": 1250.0
  },
  "2021-12-2-15-21": {
    "Temperature": 22.56,
    "Humidity": 78.703125,
    "Pressure": 1015.9754329747464,
    "UV": 0.8247422680412371,
    "AmbientLight": 3491.3793103448274
  },
  "2021-12-2-15-22": {
    "Temperature": 22.44,
    "Humidity": 78.984375,
    "Pressure": 1016.0410467689021,
    "UV": 0.6958762886597938,
    "AmbientLight": 2758.620689655172
  },
  "2021-12-2-15-23": {
    "Temperature": 22.34,
    "Humidity": 79.078125,
    "Pressure": 1016.0804150453956,
    "UV": 0.20618556701030927,
    "AmbientLight": 581.8965517241379
  },
  "2021-12-2-15-24": {
    "Temperature": 22.24,
    "Humidity": 79.484375,
    "Pressure": 1016.1722743572137,
    "UV": 0.6701030927835051,
    "AmbientLight": 3232.758620689655
  },
  "2021-12-2-15-25": {
    "Temperature": 22.16,
    "Humidity": 79.65625,
    "Pressure": 1016.1722743572137,
    "UV": 0.33505154639175255,
    "AmbientLight": 948.2758620689655
  },
  "2021-12-2-15-26": {
    "Temperature": 22.02,
    "Humidity": 79.796875,
    "Pressure": 1016.1985198748761,
    "UV": 0.7216494845360824,
    "AmbientLight": 1551.7241379310344
  },
  "2021-12-2-15-27": {
    "Temperature": 21.94,
    "Humidity": 80.0625,
    "Pressure": 1016.1722743572137,
    "UV": 0.23195876288659792,
    "AmbientLight": 581.8965517241379
  },
  "2021-12-2-15-28": {
    "Temperature": 21.78,
    "Humidity": 80.359375,
    "Pressure": 1016.1460288395514,
    "UV": 0.25773195876288657,
    "AmbientLight": 754.3103448275862
  },
  "2021-12-2-15-29": {
    "Temperature": 21.62,
    "Humidity": 80.796875,
    "Pressure": 1016.1329060807202,
    "UV": 0.15463917525773194,
    "AmbientLight": 517.2413793103448
  },
  "2021-12-2-15-30": {
    "Temperature": 21.48,
    "Humidity": 81.1875,
    "Pressure": 1016.1722743572137,
    "UV": 0.1804123711340206,
    "AmbientLight": 603.448275862069
  },
  "2021-12-2-15-31": {
    "Temperature": 21.34,
    "Humidity": 81.515625,
    "Pressure": 1016.2247653925383,
    "UV": 0.1804123711340206,
    "AmbientLight": 517.2413793103448
  },
  "2021-12-2-15-32": {
    "Temperature": 21.24,
    "Humidity": 81.96875,
    "Pressure": 1016.1985198748761,
    "UV": 0.20618556701030927,
    "AmbientLight": 538.7931034482758
  },
  "2021-12-2-15-33": {
    "Temperature": 21.12,
    "Humidity": 82.03125,
    "Pressure": 1016.1066605630579,
    "UV": 0.10309278350515463,
    "AmbientLight": 409.4827586206896
  },
  "2021-12-2-15-34": {
    "Temperature": 21.02,
    "Humidity": 82.3125,
    "Pressure": 1016.1066605630579,
    "UV": 0.10309278350515463,
    "AmbientLight": 387.9310344827586
  },
  "2021-12-2-15-35": {
    "Temperature": 20.92,
    "Humidity": 82.53125,
    "Pressure": 1016.1329060807202,
    "UV": 0.1804123711340206,
    "AmbientLight": 603.448275862069
  },
  "2021-12-2-15-36": {
    "Temperature": 20.84,
    "Humidity": 82.734375,
    "Pressure": 1016.1329060807202,
    "UV": 0.3092783505154639,
    "AmbientLight": 668.103448275862
  },
  "2021-12-2-15-37": {
    "Temperature": 20.72,
    "Humidity": 82.984375,
    "Pressure": 1016.1722743572137,
    "UV": 0.28350515463917525,
    "AmbientLight": 883.6206896551723
  },
  "2021-12-2-15-38": {
    "Temperature": 20.6,
    "Humidity": 83.046875,
    "Pressure": 1016.2247653925383,
    "UV": 0.15463917525773194,
    "AmbientLight": 905.1724137931034
  },
  "2021-12-2-15-39": {
    "Temperature": 20.48,
    "Humidity": 83.359375,
    "Pressure": 1016.2378881513695,
    "UV": 0.20618556701030927,
    "AmbientLight": 581.8965517241379
  },
  "2021-12-2-15-40": {
    "Temperature": 20.38,
    "Humidity": 83.453125,
    "Pressure": 1016.1329060807202,
    "UV": 0.28350515463917525,
    "AmbientLight": 646.5517241379309
  },
  "2021-12-2-15-41": {
    "Temperature": 20.3,
    "Humidity": 83.734375,
    "Pressure": 1016.2378881513695,
    "UV": 0.12886597938144329,
    "AmbientLight": 409.4827586206896
  },
  "2021-12-2-15-42": {
    "Temperature": 20.2,
    "Humidity": 83.859375,
    "Pressure": 1016.2378881513695,
    "UV": 0.10309278350515463,
    "AmbientLight": 344.8275862068965
  },
  "2021-12-2-15-43": {
    "Temperature": 20.1,
    "Humidity": 84.0625,