{
  "2021-12-2-16-0": {
    "Temperature": 18.2,
    "Humidity": 87.5,
    "Pressure": 1016.4216067750057,
    "UV": 0.05154639175257732,
    "AmbientLight": 193.9655172413793
  },
  "2021-12-2-16-1": {
    "Temperature": 18.06,
    "Humidity": 87.671875,
    "Pressure": 1016.4872205691615,
    "UV": 0.07731958762886597,
    "AmbientLight": 215.51724137931032
  },
  "2021-12-2-16-2": {
    "Temperature": 18.0,
    "Humidity": 87.96875,
    "Pressure": 1016.4872205691615,
    "UV": 0.07731958762886597,
    "AmbientLight": 193.9655172413793
  },
  "2021-12-2-16-3": {
    "Temperature": 17.96,
    "Humidity": 88.203125,
    "Pressure": 1016.5134660868239,
    "UV": 0.10309278350515463,
    "AmbientLight": 215.51724137931032
  },
  "2021-12-2-16-4": {
    "Temperature": 17.86,
    "Humidity": 88.515625,
    "Pressure": 1016.5265888456549,
    "UV": 0.05154639175257732,
    "AmbientLight": 86.20689655172413
  },
  "2021-12-2-16-5": {
    "Temperature": 17.78,
    "Humidity": 89.015625,
    "Pressure": 1016.4347295338368,
    "UV": 0.07731958762886597,
    "AmbientLight": 150.86206896551724
  },
  "2021-12-2-16-6": {
    "Temperature": 17.78,
    "Humidity": 89.65625,
    "Pressure": 1016.5265888456549,
    "UV": 0.02577319587628866,
    "AmbientLight": 172.41379310344826
  },
  "2021-12-2-16-7": {
    "Temperature": 17.8,
    "Humidity": 90.03125,
    "Pressure": 1016.5265888456549,
    "UV": 0.12886597938144329,
    "AmbientLight": 150.86206896551724
  },
  "2021-12-2-16-8": {
    "Temperature": 17.84,
    "Humidity": 90.3125,
    "Pressure": 1016.6184481574732,
    "UV": 0.05154639175257732,
    "AmbientLight": 107.75862068965516
  },
  "2021-12-2-16-9": {
    "Temperature": 17.9,
    "Humidity": 90.140625,
    "Pressure": 1016.6184481574732,
    "UV": 0.05154639175257732,
    "AmbientLight": 86.20689655172413
  },
  "2021-12-2-16-10": {
    "Temperature": 17.94,
    "Humidity": 89.953125,
    "Pressure": 1016.6446936751354,
    "UV": 0.05154639175257732,
    "AmbientLight": 150.86206896551724
  },
  "2021-12-2-16-11": {
    "Temperature": 17.88,
    "Humidity": 90.0,
    "Pressure": 1016.6840619516289,
    "UV": 0.05154639175257732,
    "AmbientLight": 107.75862068965516
  },
  "2021-12-2-16-12": {
    "Temperature": 17.84,
    "Humidity": 90.21875,
    "Pressure": 1016.6446936751354,
    "UV": 0.05154639175257732,
    "AmbientLight": 107.75862068965516
  },
  "2021-12-2-16-13": {
    "Temperature": 17.86,
    "Humidity": 90.015625,
    "Pressure": 1016.6578164339666,
    "UV": 0.02577319587628866,
    "AmbientLight": 21.551724137931032
  },
  "2021-12-2-16-14": {
    "Temperature": 17.92,
    "Humidity": 89.890625,
    "Pressure": 1016.6840619516289,
    "UV": 0.05154639175257732,
    "AmbientLight": 107.75862068965516
  },
  "2021-12-2-16-15": {
    "Temperature": 17.94,
    "Humidity": 89.734375,
    "Pressure": 1016.6578164339666,
    "UV": 0.05154639175257732,
    "AmbientLight": 86.20689655172413
  },
  "2021-12-2-16-16": {
    "Temperature": 18.24,
    "Humidity": 89.453125,
    "Pressure": 1016.6840619516289,
    "UV": 0.0,
    "AmbientLight": 64.6551724137931
  },
  "2021-12-2-16-17": {
    "Temperature": 18.68,
    "Humidity": 88.34375,
    "Pressure": 1016.7103074692913,
    "UV": 0.0,
    "AmbientLight": 64.6551724137931
  },
  "2021-12-2-16-18": {
    "Temperature": 19.42,
    "Humidity": 86.34375,
    "Pressure": 1016.6840619516289,
    "UV": 0.0,
    "AmbientLight": 21.551724137931032
  },
  "2021-12-2-16-19": {
    "Temperature": 20.1,
    "Humidity": 83.859375,
    "Pressure": 1016.7496757457847,
    "UV": 0.02577319587628866,
    "AmbientLight": 64.6551724137931
  },
  "2021-12-2-16-20": {
    "Temperature": 19.78,
    "Humidity": 82.90625,
    "Pressure": 1016.7365529869535,
    "UV": 0.02577319587628866,
    "AmbientLight": 64.6551724137931
  },
  "2021-12-2-16-21": {
    "Temperature": 19.14,
    "Humidity": 83.828125,
    "Pressure": 1016.7103074692913,
    "UV": 0.05154639175257732,
    "AmbientLight": 43.103448275862064
  },
  "2021-12-2-16-22": {
    "Temperature": 18.62,
    "Humidity": 85.796875,
    "Pressure": 1016.7103074692913,
    "UV": 0.02577319587628866,
    "AmbientLight": 21.551724137931032
  },
  "2021-12-2-16-23": {
    "Temperature": 18.3,
    "Humidity": 87.125,
    "Pressure": 1016.6446936751354,
    "UV": 0.02577319587628866,
    "AmbientLight": 64.6551724137931
  },
  "2021-12-2-16-24": {
    "Temperature": 18.14,
    "Humidity": 87.96875,
    "Pressure": 1016.6840619516289,
    "UV": 0.0,
    "AmbientLight": 64.6551724137931
  },
  "2021-12-2-16-25": {
    "Temperature": 18.06,
    "Humidity": 88.140625,
    "Pressure": 1016.7103074692913,
    "UV": 0.07731958762886597,
    "AmbientLight": 21.551724137931032
  },
  "2021-12-2-16-26": {
    "Temperature": 17.94,
    "Humidity": 88.21875,
    "Pressure": 1016.6578164339666,
    "UV": 0.05154639175257732,
    "AmbientLight": 86.20689655172413
  },
  "2021-12-2-16-27": {
    "Temperature": 17.7,
    "Humidity": 88.625,
    "Pressure": 1016.7103074692913,
    "UV": 0.02577319587628866,
    "AmbientLight": 64.6551724137931
  },
  "2021-12-2-16-28": {
    "Temperature": 17.54,
    "Humidity": 89.046875,
    "Pressure": 1016.6840619516289,
    "UV": 0.02577319587628866,
    "AmbientLight": 21.551724137931032
  },
  "2021-12-2-16-29": {
    "Temperature": 17.36,
    "Humidity": 89.4375,
    "Pressure": 1016.7365529869535,
    "UV": 0.0,
    "AmbientLight": 21.551724137931032
  },
  "2021-12-2-16-30": {
    "Temperature": 17.18,
    "Humidity": 89.859375,
    "Pressure": 1016.6184481574732,
    "UV": 0.05154639175257732,
    "AmbientLight": 21.551724137931032
  },
  "2021-12-2-16-31": {
    "Temperature": 17.16,
    "Humidity": 90.15625,
    "Pressure": 1016.6184481574732,
    "UV": 0.0,
    "AmbientLight": 43.103448275862064
  },
  "2021-12-2-16-32": {
    "Temperature": 17.18,
    "Humidity": 90.125,
    "Pressure": 1016.6446936751354,
    "UV": 0.05154639175257732,
    "AmbientLight": 86.20689655172413
  },
  "2021-12-2-16-33": {
    "Temperature": 17.18,
    "Humidity": 90.140625,
    "Pressure": 1016.6446936751354,
    "UV": 0.05154639175257732,
    "AmbientLight": 43.103448275862064
  },
  "2021-12-2-16-34": {
    "Temperature": 17.26,
    "Humidity": 90.0625,
    "Pressure": 1016.6184481574732,
    "UV": 0.02577319587628866,
    "AmbientLight": 21.551724137931032
  },
  "2021-12-2-16-35": {
    "Temperature": 17.54,
    "Humidity": 88.984375,
    "Pressure": 1016.6446936751354,
    "UV": 0.02577319587628866,
    "AmbientLight": 21.551724137931032
  },
  "2021-12-2-16-36": {
    "Temperature": 18.2,
    "Humidity": 89.125,
    "Pressure": 1016.6184481574732,
    "UV": 0.07731958762886597,
    "AmbientLight": 21.551724137931032
  },
  "2021-12-2-16-37": {
    "Temperature": 19.7,
    "Humidity": 85.90625,
    "Pressure": 1016.6446936751354,
    "UV": 0.0,
    "AmbientLight": 64.6551724137931
  },
  "2021-12-2-16-38": {
    "Temperature": 21.56,
    "Humidity": 81.265625,
    "Pressure": 1016.5790798809796,
    "UV": 0.02577319587628866,
    "AmbientLight": 43.103448275862064
  },
  "2021-12-2-16-39": {
    "Temperature": 23.52,
    "Humidity": 75.421875,
    "Pressure": 1016.6578164339666,
    "UV": 0.0,
    "AmbientLight": 0.0
  },
  "2021-12-2-16-40": {
    "Temperature": 24.48,
    "Humidity": 71.15625,
    "Pressure": 1016.6840619516289,
    "UV": 0.0,
    "AmbientLight": 21.551724137931032
  },
  "2021-12-2-16-41": {
    "Temperature": 24.6,
    "Humidity": 68.765625,
    "Pressure": 1016.5790798809796,
    "UV": 0.0,
    "AmbientLight": 64.6551724137931
  },
  "2021-12-2-16-42": {
    "Temperature": 23.04,
    "Humidity": 68.6875,
    "Pressure": 1016.5265888456549,
    "UV": 0.02577319587628866,
    "AmbientLight": 0.0
  },
  "2021-12-2-16-43": {
    "Temperature": 21.34,
    "Humidity": 71.640625,
    "Pressure": 1016.5922026398108,
    "UV": 0.0,
    "AmbientLight": 43.103448275862064
  },
  "2021-12-2-16-44": {
    "Temperature": 20.22,