{
  "2021-12-2-14-48": {
    "Temperature": 25.14,
    "Humidity": 66.78125,
    "Pressure": 1014.9387350270848,
    "UV": 1.7010309278350513,
    "AmbientLight": 6745.689655172413
  },
  "2021-12-2-14-49": {
    "Temperature": 25.2,
    "Humidity": 66.765625,
    "Pressure": 1014.964980544747,
    "UV": 1.5463917525773194,
    "AmbientLight": 3383.620689655172
  },
  "2021-12-2-14-50": {
    "Temperature": 25.06,
    "Humidity": 66.828125,
    "Pressure": 1014.964980544747,
    "UV": 1.6494845360824741,
    "AmbientLight": 7543.103448275861
  },
  "2021-12-2-14-51": {
    "Temperature": 25.0,
    "Humidity": 67.09375,
    "Pressure": 1014.8993667505913,
    "UV": 0.3092783505154639,
    "AmbientLight": 1120.6896551724137
  },
  "2021-12-2-14-52": {
    "Temperature": 25.08,
    "Humidity": 67.09375,
    "Pressure": 1014.8993667505913,
    "UV": 1.134020618556701,
    "AmbientLight": 8642.241379310344
  },
  "2021-12-2-14-53": {
    "Temperature": 25.02,
    "Humidity": 67.09375,
    "Pressure": 1014.8993667505913,
    "UV": 0.48969072164948446,
    "AmbientLight": 1379.310344827586
  },
  "2021-12-2-14-54": {
    "Temperature": 25.02,
    "Humidity": 67.171875,
    "Pressure": 1014.8993667505913,
    "UV": 0.33505154639175255,
    "AmbientLight": 1250.0
  },
  "2021-12-2-14-55": {
    "Temperature": 25.02,
    "Humidity": 67.171875,
    "Pressure": 1014.8993667505913,
    "UV": 1.134020618556701,
    "AmbientLight": 7112.068965517241
  },
  "2021-12-2-14-56": {
    "Temperature": 24.92,
    "Humidity": 67.28125,
    "Pressure": 1014.9387350270848,
    "UV": 0.41237113402061853,
    "AmbientLight": 1250.0
  },
  "2021-12-2-14-57": {
    "Temperature": 24.78,
    "Humidity": 67.40625,
    "Pressure": 1014.8993667505913,
    "UV": 1.1855670103092781,
    "AmbientLight": 2974.1379310344823
  },
  "2021-12-2-14-58": {
    "Temperature": 24.74,
    "Humidity": 67.46875,
    "Pressure": 1014.873121232929,
    "UV": 0.23195876288659792,
    "AmbientLight": 1163.7931034482758
  },
  "2021-12-2-14-59": {
    "Temperature": 24.86,
    "Humidity": 67.328125,
    "Pressure": 1014.9912260624094,
    "UV": 0.7731958762886597,
    "AmbientLight": 1465.5172413793102
  }
}