{
  "2021-12-2-18-3": {
    "Temperature": 17.4,
    "Humidity": 76.65625,
    "Pressure": 1017.0514991989013,
    "UV": 0.0,
    "AmbientLight": 0.0
  },
  "2021-12-2-18-4": {
    "Temperature": 17.18,
    "Humidity": 77.046875,
    "Pressure": 1017.0514991989013,
    "UV": 0.0,
    "AmbientLight": 0.0
  },
  "2021-12-2-18-5": {
    "Temperature": 17.06,
    "Humidity": 77.71875,
    "Pressure": 1017.0252536812391,
    "UV": 0.0,
    "AmbientLight": 0.0
  },
  "2021-12-2-18-6": {
    "Temperature": 17.1,
    "Humidity": 78.34375,
    "Pressure": 1017.0252536812391,
    "UV": 0.0,
    "AmbientLight": 43.103448275862064
  },
  "2021-12-2-18-7": {
    "Temperature": 17.22,
    "Humidity": 78.875,
    "Pressure": 1017.0777447165636,
    "UV": 0.0,
    "AmbientLight": 21.551724137931032
  },
  "2021-12-2-18-8": {
    "Temperature": 17.52,
    "Humidity": 79.390625,
    "Pressure": 1017.103990234226,
    "UV": 0.0,
    "AmbientLight": 21.551724137931032
  },
  "2021-12-2-18-9": {
    "Temperature": 18.08,
    "Humidity": 79.953125,
    "Pressure": 1017.0514991989013,
    "UV": 0.0,
    "AmbientLight": 43.103448275862064
  },
  "2021-12-2-18-10": {
    "Temperature": 18.86,
    "Humidity": 80.25,
    "Pressure": 1017.0777447165636,
    "UV": 0.0,
    "AmbientLight": 64.6551724137931
  },
  "2021-12-2-18-11": {
    "Temperature": 19.78,
    "Humidity": 79.640625,
    "Pressure": 1017.0777447165636,
    "UV": 0.0,
    "AmbientLight": 0.0
  },
  "2021-12-2-18-12": {
    "Temperature": 19.96,
    "Humidity": 77.828125,
    "Pressure": 1017.0514991989013,
    "UV": 0.0,
    "AmbientLight": 43.103448275862064
  },
  "2021-12-2-18-13": {
    "Temperature": 19.74,
    "Humidity": 76.375,
    "Pressure": 1017.0252536812391,
    "UV": 0.07731958762886597,
    "AmbientLight": 0.0
  },
  "2021-12-2-18-14": {
    "Temperature": 19.56,
    "Humidity": 75.78125,
    "Pressure": 1017.103990234226,
    "UV": 0.0,
    "AmbientLight": 0.0
  },
  "2021-12-2-18-15": {
    "Temperature": 19.16,
    "Humidity": 75.25,
    "Pressure": 1017.103990234226,
    "UV": 0.0,
    "AmbientLight": 0.0
  },
  "2021-12-2-18-16": {
    "Temperature": 18.76,
    "Humidity": 74.890625,
    "Pressure": 1017.103990234226,
    "UV": 0.05154639175257732,
    "AmbientLight": 64.6551724137931
  },
  "2021-12-2-18-17": {
    "Temperature": 18.4,
    "Humidity": 75.046875,
    "Pressure": 1017.2220950637064,
    "UV": 0.05154639175257732,
    "AmbientLight": 0.0
  },
  "2021-12-2-18-18": {
    "Temperature": 17.96,
    "Humidity": 75.40625,
    "Pressure": 1017.103990234226,
    "UV": 0.02577319587628866,
    "AmbientLight": 0.0
  },
  "2021-12-2-18-19": {
    "Temperature": 17.62,
    "Humidity": 75.765625,
    "Pressure": 1017.1696040283817,
    "UV": 0.0,
    "AmbientLight": 21.551724137931032
  },
  "2021-12-2-18-20": {
    "Temperature": 17.34,
    "Humidity": 76.328125,
    "Pressure": 1017.103990234226,
    "UV": 0.0,
    "AmbientLight": 0.0
  },
  "2021-12-2-18-21": {
    "Temperature": 17.12,
    "Humidity": 76.8125,
    "Pressure": 1017.1696040283817,
    "UV": 0.02577319587628866,
    "AmbientLight": 43.103448275862064
  },
  "2021-12-2-18-22": {
    "Temperature": 17.04,
    "Humidity": 77.609375,
    "Pressure": 1017.1958495460441,
    "UV": 0.02577319587628866,
    "AmbientLight": 21.551724137931032
  },
  "2021-12-2-18-23": {
    "Temperature": 17.12,
    "Humidity": 78.125,
    "Pressure": 1017.1696040283817,
    "UV": 0.02577319587628866,
    "AmbientLight": 0.0
  },
  "2021-12-2-18-24": {
    "Temperature": 17.28,
    "Humidity": 78.59375,
    "Pressure": 1017.1696040283817,
    "UV": 0.0,
    "AmbientLight": 0.0
  },
  "2021-12-2-18-25": {
    "Temperature": 17.68,
    "Humidity": 79.296875,
    "Pressure": 1017.1696040283817,
    "UV": 0.0,
    "AmbientLight": 21.551724137931032
  },
  "2021-12-2-18-26": {
    "Temperature": 18.3,
    "Humidity": 79.5625,
    "Pressure": 1017.2220950637064,
    "UV": 0.0,
    "AmbientLight": 0.0
  },
  "2021-12-2-18-27": {
    "Temperature": 19.12,
    "Humidity": 79.796875,
    "Pressure": 1017.274586099031,
    "UV": 0.0,
    "AmbientLight": 0.0
  },
  "2021-12-2-18-28": {
    "Temperature": 19.88,
    "Humidity": 78.9375,
    "Pressure": 1017.274586099031,
    "UV": 0.0,
    "AmbientLight": 0.0
  },
  "2021-12-2-18-29": {
    "Temperature": 19.98,
    "Humidity": 77.046875,
    "Pressure": 1017.2483405813688,
    "UV": 0.02577319587628866,
    "AmbientLight": 21.551724137931032
  },
  "2021-12-2-18-30": {
    "Temperature": 19.78,
    "Humidity": 76.015625,
    "Pressure": 1017.2220950637064,
    "UV": 0.0,
    "AmbientLight": 0.0
  },
  "2021-12-2-18-31": {
    "Temperature": 19.56,
    "Humidity": 75.28125,
    "Pressure": 1017.1958495460441,
    "UV": 0.0,
    "AmbientLight": 21.551724137931032
  }
}