{
  "2021-12-2-15-0": {
    "Temperature": 24.94,
    "Humidity": 67.296875,
    "Pressure": 1014.9912260624094,
    "UV": 0.33505154639175255,
    "AmbientLight": 1099.1379310344826
  },
  "2021-12-2-15-1": {
    "Temperature": 24.96,
    "Humidity": 67.203125,
    "Pressure": 1015.0699626153963,
    "UV": 1.5206185567010309,
    "AmbientLight": 4181.0344827586205
  },
  "2021-12-2-15-2": {
    "Temperature": 25.02,
    "Humidity": 67.09375,
    "Pressure": 1014.8993667505913,
    "UV": 0.25773195876288657,
    "AmbientLight": 1271.551724137931
  },
  "2021-12-2-15-3": {
    "Temperature": 25.1,
    "Humidity": 67.0,
    "Pressure": 1015.0699626153963,
    "UV": 1.5463917525773194,
    "AmbientLight": 12349.137931034482
  },
  "2021-12-2-15-4": {
    "Temperature": 24.98,
    "Humidity": 66.9375,
    "Pressure": 1015.1093308918898,
    "UV": 0.28350515463917525,
    "AmbientLight": 1185.3448275862067
  },
  "2021-12-2-15-5": {
    "Temperature": 24.9,
    "Humidity": 67.0,
    "Pressure": 1014.964980544747,
    "UV": 0.3092783505154639,
    "AmbientLight": 1293.1034482758619
  },
  "2021-12-2-15-6": {
    "Temperature": 24.86,
    "Humidity": 67.109375,
    "Pressure": 1015.0699626153963,
    "UV": 1.5979381443298968,
    "AmbientLight": 9159.482758620688
  },
  "2021-12-2-15-7": {
    "Temperature": 24.74,
    "Humidity": 67.28125,
    "Pressure": 1014.2301060502022,
    "UV": 0.28350515463917525,
    "AmbientLight": 1400.8620689655172
  },
  "2021-12-2-15-8": {
    "Temperature": 24.84,
    "Humidity": 67.140625,
    "Pressure": 1015.1355764095522,
    "UV": 0.23195876288659792,
    "AmbientLight": 926.7241379310344
  },
  "2021-12-2-15-9": {
    "Temperature": 24.82,
    "Humidity": 67.171875,
    "Pressure": 1015.1093308918898,
    "UV": 1.7783505154639174,
    "AmbientLight": 9418.10344827586
  },
  "2021-12-2-15-10": {
    "Temperature": 24.56,
    "Humidity": 67.296875,
    "Pressure": 1015.1880674448768,
    "UV": 1.1855670103092781,
    "AmbientLight": 2909.4827586206893
  },
  "2021-12-2-15-11": {
    "Temperature": 24.32,
    "Humidity": 67.640625,
    "Pressure": 1015.1355764095522,
    "UV": 1.0309278350515463,
    "AmbientLight": 2155.1724137931033
  },
  "2021-12-2-15-12": {
    "Temperature": 24.12,
    "Humidity": 68.015625,
    "Pressure": 1015.1618219272144,
    "UV": 0.8762886597938143,
    "AmbientLight": 2068.965517241379
  },
  "2021-12-2-15-13": {
    "Temperature": 24.04,
    "Humidity": 68.109375,
    "Pressure": 1015.1618219272144,
    "UV": 0.3092783505154639,
    "AmbientLight": 883.6206896551723
  },
  "2021-12-2-15-14": {
    "Temperature": 23.84,
    "Humidity": 68.46875,
    "Pressure": 1015.1880674448768,
    "UV": 0.747422680412371,
    "AmbientLight": 5775.862068965517
  },
  "2021-12-2-15-15": {
    "Temperature": 23.72,
    "Humidity": 68.65625,
    "Pressure": 1015.1618219272144,
    "UV": 0.25773195876288657,
    "AmbientLight": 905.1724137931034
  },
  "2021-12-2-15-16": {
    "Temperature": 23.52,
    "Humidity": 68.859375,
    "Pressure": 1015.2143129625391,
    "UV": 0.12886597938144329,
    "AmbientLight": 775.8620689655172
  },
  "2021-12-2-15-17": {
    "Temperature": 23.36,
    "Humidity": 69.15625,
    "Pressure": 1015.2668039978637,
    "UV": 0.6443298969072164,
    "AmbientLight": 2974.1379310344823
  },
  "2021-12-2-15-18": {
    "Temperature": 23.18,
    "Humidity": 69.53125,
    "Pressure": 1015.2143129625391,
    "UV": 0.5670103092783505,
    "AmbientLight": 2887.9310344827586
  },
  "2021-12-2-15-19": {
    "Temperature": 23.02,
    "Humidity": 69.71875,
    "Pressure": 1015.2405584802015,
    "UV": 0.1804123711340206,
    "AmbientLight": 711.2068965517241
  },
  "2021-12-2-15-20": {
    "Temperature": 22.86,
    "Humidity": 70.046875,
    "Pressure": 1015.3061722743572,
    "UV": 0.43814432989690716,
    "AmbientLight": 1034.4827586206895
  },
  "2021-12-2-15-21": {
    "Temperature": 22.7,
    "Humidity": 70.359375,
    "Pressure": 1015.2668039978637,
    "UV": 0.48969072164948446,
    "AmbientLight": 1400.8620689655172
  },
  "2021-12-2-15-22": {
    "Temperature": 22.56,
    "Humidity": 70.734375,
    "Pressure": 1015.3061722743572,
    "UV": 0.41237113402061853,
    "AmbientLight": 1443.9655172413793
  },
  "2021-12-2-15-23": {
    "Temperature": 22.38,
    "Humidity": 70.953125,
    "Pressure": 1015.3061722743572,
    "UV": 0.20618556701030927,
    "AmbientLight": 689.655172413793
  },
  "2021-12-2-15-24": {
    "Temperature": 22.24,
    "Humidity": 71.265625,
    "Pressure": 1015.3586633096819,
    "UV": 0.12886597938144329,
    "AmbientLight": 625.0
  },
  "2021-12-2-15-25": {
    "Temperature": 22.08,
    "Humidity": 71.546875,
    "Pressure": 1015.3849088273441,
    "UV": 0.15463917525773194,
    "AmbientLight": 646.5517241379309
  },
  "2021-12-2-15-26": {
    "Temperature": 21.94,
    "Humidity": 71.71875,
    "Pressure": 1015.4373998626688,
    "UV": 0.28350515463917525,
    "AmbientLight": 775.8620689655172
  },
  "2021-12-2-15-27": {
    "Temperature": 21.82,
    "Humidity": 71.9375,
    "Pressure": 1015.4373998626688,
    "UV": 0.12886597938144329,
    "AmbientLight": 603.448275862069
  },
  "2021-12-2-15-28": {
    "Temperature": 21.72,
    "Humidity": 72.25,
    "Pressure": 1015.4111543450065,
    "UV": 0.25773195876288657,
    "AmbientLight": 1271.551724137931
  },
  "2021-12-2-15-29": {
    "Temperature": 21.56,
    "Humidity": 72.390625,
    "Pressure": 1015.3849088273441,
    "UV": 0.25773195876288657,
    "AmbientLight": 689.655172413793
  },
  "2021-12-2-15-30": {
    "Temperature": 21.46,
    "Humidity": 72.515625,
    "Pressure": 1015.4767681391622,
    "UV": 0.1804123711340206,
    "AmbientLight": 689.655172413793
  },
  "2021-12-2-15-31": {
    "Temperature": 21.36,
    "Humidity": 72.890625,
    "Pressure": 1015.4767681391622,
    "UV": 0.28350515463917525,
    "AmbientLight": 754.3103448275862
  },
  "2021-12-2-15-32": {
    "Temperature": 21.24,
    "Humidity": 73.03125,
    "Pressure": 1015.4373998626688,
    "UV": 0.20618556701030927,
    "AmbientLight": 474.13793103448273
  },
  "2021-12-2-15-33": {
    "Temperature": 21.14,
    "Humidity": 73.21875,
    "Pressure": 1015.4373998626688,
    "UV": 0.25773195876288657,
    "AmbientLight": 1120.6896551724137
  },
  "2021-12-2-15-34": {
    "Temperature": 21.02,
    "Humidity": 73.359375,
    "Pressure": 1015.4111543450065,
    "UV": 0.20618556701030927,
    "AmbientLight": 560.3448275862069
  },
  "2021-12-2-15-35": {
    "Temperature": 20.92,
    "Humidity": 73.578125,
    "Pressure": 1015.3849088273441,
    "UV": 0.20618556701030927,
    "AmbientLight": 926.7241379310344
  },
  "2021-12-2-15-36": {
    "Temperature": 20.8,
    "Humidity": 73.828125,
    "Pressure": 1015.3849088273441,
    "UV": 0.1804123711340206,
    "AmbientLight": 905.1724137931034
  },
  "2021-12-2-15-37": {
    "Temperature": 20.7,
    "Humidity": 74.046875,
    "Pressure": 1015.3849088273441,
    "UV": 0.1804123711340206,
    "AmbientLight": 646.5517241379309
  },
  "2021-12-2-15-38": {
    "Temperature": 20.56,
    "Humidity": 74.28125,
    "Pressure": 1015.3849088273441,
    "UV": 0.1804123711340206,
    "AmbientLight": 840.5172413793102
  },
  "2021-12-2-15-39": {
    "Temperature": 20.46,
    "Humidity": 74.40625,
    "Pressure": 1015.3849088273441,
    "UV": 0.12886597938144329,
    "AmbientLight": 775.8620689655172
  },
  "2021-12-2-15-40": {
    "Temperature": 20.34,
    "Humidity": 74.5625,
    "Pressure": 1015.4373998626688,
    "UV": 0.12886597938144329,
    "AmbientLight": 625.0
  },
  "2021-12-2-15-41": {
    "Temperature": 20.22,
    "Humidity": 74.59375,
    "Pressure": 1015.3849088273441,
    "UV": 0.10309278350515463,
    "AmbientLight": 431.03448275862064
  },
  "2021-12-2-15-42": {
    "Temperature": 20.08,
    "Humidity": 74.984375,
    "Pressure": 1015.4767681391622,
    "UV": 0.1804123711340206,
    "AmbientLight": 732.7586206896551
  },
  "2021-12-2-15-43": {
    "Temperature": 20.02,
    "Humidity": 75.109375,