{
  "2021-12-2-15-0": {
    "Temperature": 24.34,
    "Humidity": 68.515625,
    "Pressure": 1015.6473640039674,
    "UV": 0.8247422680412371,
    "AmbientLight": 3038.793103448276
  },
  "2021-12-2-15-1": {
    "Temperature": 24.26,
    "Humidity": 68.578125,
    "Pressure": 1015.7261005569543,
    "UV": 0.8247422680412371,
    "AmbientLight": 2909.4827586206893
  },
  "2021-12-2-15-2": {
    "Temperature": 24.2,
    "Humidity": 68.734375,
    "Pressure": 1015.7392233157855,
    "UV": 0.7731958762886597,
    "AmbientLight": 3232.758620689655
  },
  "2021-12-2-15-3": {
    "Temperature": 24.14,
    "Humidity": 68.859375,
    "Pressure": 1015.7261005569543,
    "UV": 0.747422680412371,
    "AmbientLight": 2543.103448275862
  },
  "2021-12-2-15-4": {
    "Temperature": 24.06,
    "Humidity": 69.046875,
    "Pressure": 1015.8179598687724,
    "UV": 0.7216494845360824,
    "AmbientLight": 3038.793103448276
  },
  "2021-12-2-15-5": {
    "Temperature": 24.0,
    "Humidity": 69.078125,
    "Pressure": 1015.79171435111,
    "UV": 0.8247422680412371,
    "AmbientLight": 2887.9310344827586
  },
  "2021-12-2-15-6": {
    "Temperature": 23.94,
    "Humidity": 69.265625,
    "Pressure": 1015.79171435111,
    "UV": 0.747422680412371,
    "AmbientLight": 2564.655172413793
  },
  "2021-12-2-15-7": {
    "Temperature": 23.88,
    "Humidity": 69.484375,
    "Pressure": 1015.7654688334478,
    "UV": 0.747422680412371,
    "AmbientLight": 2521.5517241379307
  },
  "2021-12-2-15-8": {
    "Temperature": 23.78,
    "Humidity": 69.53125,
    "Pressure": 1015.79171435111,
    "UV": 0.7216494845360824,
    "AmbientLight": 2607.758620689655
  },
  "2021-12-2-15-9": {
    "Temperature": 23.72,
    "Humidity": 69.671875,
    "Pressure": 1015.7392233157855,
    "UV": 0.6958762886597938,
    "AmbientLight": 2219.8275862068963
  },
  "2021-12-2-15-10": {
    "Temperature": 23.66,
    "Humidity": 69.890625,
    "Pressure": 1015.8179598687724,
    "UV": 0.6185567010309277,
    "AmbientLight": 2780.1724137931033
  },
  "2021-12-2-15-11": {
    "Temperature": 23.58,
    "Humidity": 69.890625,
    "Pressure": 1015.8573281452659,
    "UV": 0.6443298969072164,
    "AmbientLight": 2607.758620689655
  },
  "2021-12-2-15-12": {
    "Temperature": 23.52,
    "Humidity": 70.015625,
    "Pressure": 1015.79171435111,
    "UV": 0.6185567010309277,
    "AmbientLight": 2478.448275862069
  },
  "2021-12-2-15-13": {
    "Temperature": 23.44,
    "Humidity": 70.234375,
    "Pressure": 1015.8179598687724,
    "UV": 0.5927835051546391,
    "AmbientLight": 2435.3448275862065
  },
  "2021-12-2-15-14": {
    "Temperature": 23.32,
    "Humidity": 70.359375,
    "Pressure": 1015.8573281452659,
    "UV": 0.6701030927835051,
    "AmbientLight": 1896.551724137931
  },
  "2021-12-2-15-15": {
    "Temperature": 23.18,
    "Humidity": 70.484375,
    "Pressure": 1015.9098191805905,
    "UV": 0.6185567010309277,
    "AmbientLight": 1573.2758620689654
  },
  "2021-12-2-15-16": {
    "Temperature": 23.1,
    "Humidity": 70.640625,
    "Pressure": 1015.8573281452659,
    "UV": 0.6185567010309277,
    "AmbientLight": 2068.965517241379
  },
  "2021-12-2-15-17": {
    "Temperature": 23.0,
    "Humidity": 70.84375,
    "Pressure": 1015.9229419394217,
    "UV": 0.5927835051546391,
    "AmbientLight": 1788.7931034482758
  },
  "2021-12-2-15-18": {
    "Temperature": 22.88,
    "Humidity": 71.0625,
    "Pressure": 1016.0016784924086,
    "UV": 0.5927835051546391,
    "AmbientLight": 1594.8275862068965
  },
  "2021-12-2-15-19": {
    "Temperature": 22.8,
    "Humidity": 71.296875,
    "Pressure": 1015.9229419394217,
    "UV": 0.5154639175257731,
    "AmbientLight": 1551.7241379310344
  },
  "2021-12-2-15-20": {
    "Temperature": 22.66,
    "Humidity": 71.4375,
    "Pressure": 1015.949187457084,
    "UV": 0.43814432989690716,
    "AmbientLight": 1422.4137931034481
  },
  "2021-12-2-15-22": {
    "Temperature": 22.44,
    "Humidity": 71.734375,
    "Pressure": 1015.9754329747464,
    "UV": 0.46391752577319584,
    "AmbientLight": 1400.8620689655172
  },
  "2021-12-2-15-23": {
    "Temperature": 22.3,
    "Humidity": 71.953125,
    "Pressure": 1016.0410467689021,
    "UV": 0.48969072164948446,
    "AmbientLight": 1336.206896551724
  },
  "2021-12-2-15-24": {
    "Temperature": 22.22,
    "Humidity": 72.140625,
    "Pressure": 1016.0672922865645,
    "UV": 0.43814432989690716,
    "AmbientLight": 1271.551724137931
  },
  "2021-12-2-15-25": {
    "Temperature": 22.1,
    "Humidity": 72.328125,
    "Pressure": 1016.0935378042268,
    "UV": 0.38659793814432986,
    "AmbientLight": 1056.0344827586207
  },
  "2021-12-2-15-26": {
    "Temperature": 21.92,
    "Humidity": 72.453125,
    "Pressure": 1016.1066605630579,
    "UV": 0.43814432989690716,
    "AmbientLight": 1228.4482758620688
  },
  "2021-12-2-15-27": {
    "Temperature": 21.82,
    "Humidity": 72.625,
    "Pressure": 1016.0935378042268,
    "UV": 0.38659793814432986,
    "AmbientLight": 1099.1379310344826
  },
  "2021-12-2-15-28": {
    "Temperature": 21.76,
    "Humidity": 72.796875,
    "Pressure": 1016.0672922865645,
    "UV": 0.33505154639175255,
    "AmbientLight": 862.0689655172413
  },
  "2021-12-2-15-29": {
    "Temperature": 21.66,
    "Humidity": 73.046875,
    "Pressure": 1016.1066605630579,
    "UV": 0.38659793814432986,
    "AmbientLight": 905.1724137931034
  },
  "2021-12-2-15-30": {
    "Temperature": 21.52,
    "Humidity": 73.25,
    "Pressure": 1016.1329060807202,
    "UV": 0.3092783505154639,
    "AmbientLight": 862.0689655172413
  },
  "2021-12-2-15-31": {
    "Temperature": 21.44,
    "Humidity": 73.328125,
    "Pressure": 1016.1329060807202,
    "UV": 0.41237113402061853,
    "AmbientLight": 862.0689655172413
  },
  "2021-12-2-15-32": {
    "Temperature": 21.3,
    "Humidity": 73.625,
    "Pressure": 1016.0935378042268,
    "UV": 0.33505154639175255,
    "AmbientLight": 689.655172413793
  },
  "2021-12-2-15-33": {
    "Temperature": 21.18,
    "Humidity": 73.90625,
    "Pressure": 1016.0672922865645,
    "UV": 0.25773195876288657,
    "AmbientLight": 711.2068965517241
  },
  "2021-12-2-15-34": {
    "Temperature": 21.06,
    "Humidity": 74.03125,
    "Pressure": 1016.0935378042268,
    "UV": 0.23195876288659792,
    "AmbientLight": 732.7586206896551
  },
  "2021-12-2-15-35": {
    "Temperature": 20.92,
    "Humidity": 74.21875,
    "Pressure": 1016.0672922865645,
    "UV": 0.20618556701030927,
    "AmbientLight": 732.7586206896551
  },
  "2021-12-2-15-36": {
    "Temperature": 20.8,
    "Humidity": 74.359375,
    "Pressure": 1016.1066605630579,
    "UV": 0.23195876288659792,
    "AmbientLight": 625.0
  },
  "2021-12-2-15-37": {
    "Temperature": 20.66,
    "Humidity": 74.53125,
    "Pressure": 1016.1066605630579,
    "UV": 0.20618556701030927,
    "AmbientLight": 474.13793103448273
  },
  "2021-12-2-15-38": {
    "Temperature": 20.56,
    "Humidity": 74.6875,
    "Pressure": 1016.1066605630579,
    "UV": 0.20618556701030927,
    "AmbientLight": 431.03448275862064
  },
  "2021-12-2-15-39": {
    "Temperature": 20.4,
    "Humidity": 74.796875,
    "Pressure": 1016.1329060807202,
    "UV": 0.12886597938144329,
    "AmbientLight": 452.5862068965517
  },
  "2021-12-2-15-40": {
    "Temperature": 20.28,
    "Humidity": 75.03125,
    "Pressure": 1016.0935378042268,
    "UV": 0.10309278350515463,
    "AmbientLight": 431.03448275862064
  },
  "2021-12-2-15-42": {
    "Temperature": 20.02,
    "Humidity": 75.421875,
    "Pressure": 1016.1066605630579,
    "UV": 0.12886597938144329,
    "AmbientLight": 387.9310344827586
  },
  "2021-12-2-15-43": {
    "Temperature": 19.86,
    "Humidity": 75.46875,
    "Pressure": 1016.1853971160449,
    "UV": 0.20618556701030927,
    "AmbientLight": 431.03448275862064
  },
  "2021-12-2-15-44": {
    "Temperature": 19.78,
    "Humidity": 75.625,
    "Pressure": 1016.1329060807202,
    "UV": 0.12886597938144329,
    "AmbientLight": 387.9310344827586
  },
  "2021-12-2-15-45": {
    "Temperature": 19.62,