{
  "2021-12-2-14-47": {
    "Temperature": 24.26,
    "Humidity": 75.90625,
    "Pressure": 1015.7261005569543,
    "UV": 1.211340206185567,
    "AmbientLight": 6249.999999999999
  },
  "2021-12-2-14-48": {
    "Temperature": 24.22,
    "Humidity": 75.90625,
    "Pressure": 1015.6867322804608,
    "UV": 0.25773195876288657,
    "AmbientLight": 1077.5862068965516
  },
  "2021-12-2-14-49": {
    "Temperature": 24.26,
    "Humidity": 75.875,
    "Pressure": 1015.6867322804608,
    "UV": 1.3402061855670102,
    "AmbientLight": 2887.9310344827586
  },
  "2021-12-2-14-50": {
    "Temperature": 24.22,
    "Humidity": 75.796875,
    "Pressure": 1015.6604867627985,
    "UV": 2.036082474226804,
    "AmbientLight": 10495.689655172413
  },
  "2021-12-2-14-51": {
    "Temperature": 24.22,
    "Humidity": 75.734375,
    "Pressure": 1015.621118486305,
    "UV": 1.5463917525773194,
    "AmbientLight": 7801.7241379310335
  },
  "2021-12-2-14-52": {
    "Temperature": 24.18,
    "Humidity": 75.796875,
    "Pressure": 1015.5555046921493,
    "UV": 0.28350515463917525,
    "AmbientLight": 969.8275862068965
  },
  "2021-12-2-14-53": {
    "Temperature": 24.14,
    "Humidity": 75.90625,
    "Pressure": 1015.5686274509804,
    "UV": 0.9536082474226804,
    "AmbientLight": 4849.137931034483
  },
  "2021-12-2-14-54": {
    "Temperature": 24.02,
    "Humidity": 76.0,
    "Pressure": 1015.6604867627985,
    "UV": 0.6185567010309277,
    "AmbientLight": 1659.4827586206895
  },
  "2021-12-2-14-55": {
    "Temperature": 23.96,
    "Humidity": 76.265625,
    "Pressure": 1015.5948729686427,
    "UV": 0.8247422680412371,
    "AmbientLight": 3146.5517241379307
  },
  "2021-12-2-14-56": {
    "Temperature": 23.86,
    "Humidity": 76.46875,
    "Pressure": 1015.5686274509804,
    "UV": 0.33505154639175255,
    "AmbientLight": 1012.9310344827585
  },
  "2021-12-2-14-57": {
    "Temperature": 23.74,
    "Humidity": 76.6875,
    "Pressure": 1015.621118486305,
    "UV": 0.33505154639175255,
    "AmbientLight": 926.7241379310344
  },
  "2021-12-2-14-58": {
    "Temperature": 23.7,
    "Humidity": 76.765625,
    "Pressure": 1015.5686274509804,
    "UV": 0.28350515463917525,
    "AmbientLight": 1034.4827586206895
  },
  "2021-12-2-14-59": {
    "Temperature": 23.64,
    "Humidity": 77.15625,
    "Pressure": 1015.7129777981231,
    "UV": 0.6958762886597938,
    "AmbientLight": 3405.1724137931033
  }
}