{
  "2021-12-2-17-0": {
    "Temperature": 25.08,
    "Humidity": 66.15625,
    "Pressure": 1016.8809033340963,
    "UV": 0.0,
    "AmbientLight": 0.0
  },
  "2021-12-2-17-1": {
    "Temperature": 22.94,
    "Humidity": 67.453125,
    "Pressure": 1016.8809033340963,
    "UV": 0.0,
    "AmbientLight": 0.0
  },
  "2021-12-2-17-2": {
    "Temperature": 21.22,
    "Humidity": 70.484375,
    "Pressure": 1016.775921263447,
    "UV": 0.0,
    "AmbientLight": 64.6551724137931
  },
  "2021-12-2-17-3": {
    "Temperature": 20.16,
    "Humidity": 73.171875,
    "Pressure": 1016.8152895399405,
    "UV": 0.02577319587628866,
    "AmbientLight": 21.551724137931032
  },
  "2021-12-2-17-4": {
    "Temperature": 19.32,
    "Humidity": 75.65625,
    "Pressure": 1016.8021667811093,
    "UV": 0.05154639175257732,
    "AmbientLight": 0.0
  },
  "2021-12-2-17-5": {
    "Temperature": 18.78,
    "Humidity": 77.640625,
    "Pressure": 1016.9071488517586,
    "UV": 0.05154639175257732,
    "AmbientLight": 0.0
  },
  "2021-12-2-17-6": {
    "Temperature": 18.26,
    "Humidity": 79.515625,
    "Pressure": 1016.8677805752651,
    "UV": 0.02577319587628866,
    "AmbientLight": 21.551724137931032
  },
  "2021-12-2-17-7": {
    "Temperature": 17.86,
    "Humidity": 81.3125,
    "Pressure": 1016.933394369421,
    "UV": 0.0,
    "AmbientLight": 21.551724137931032
  },
  "2021-12-2-17-8": {
    "Temperature": 17.5,
    "Humidity": 82.6875,
    "Pressure": 1016.933394369421,
    "UV": 0.02577319587628866,
    "AmbientLight": 0.0
  },
  "2021-12-2-17-9": {
    "Temperature": 17.2,
    "Humidity": 84.0,
    "Pressure": 1016.946517128252,
    "UV": 0.02577319587628866,
    "AmbientLight": 0.0
  },
  "2021-12-2-17-10": {
    "Temperature": 17.1,
    "Humidity": 84.953125,
    "Pressure": 1016.9727626459144,
    "UV": 0.0,
    "AmbientLight": 0.0
  },
  "2021-12-2-17-11": {
    "Temperature": 17.04,
    "Humidity": 85.421875,
    "Pressure": 1017.0252536812391,
    "UV": 0.07731958762886597,
    "AmbientLight": 43.103448275862064
  },
  "2021-12-2-17-12": {
    "Temperature": 17.02,
    "Humidity": 86.109375,
    "Pressure": 1017.0252536812391,
    "UV": 0.05154639175257732,
    "AmbientLight": 43.103448275862064
  },
  "2021-12-2-17-13": {
    "Temperature": 17.42,
    "Humidity": 86.28125,
    "Pressure": 1017.0383764400702,
    "UV": 0.05154639175257732,
    "AmbientLight": 0.0
  },
  "2021-12-2-17-14": {
    "Temperature": 18.52,
    "Humidity": 84.140625,
    "Pressure": 1017.0908674753948,
    "UV": 0.0,
    "AmbientLight": 0.0
  },
  "2021-12-2-17-15": {
    "Temperature": 19.7,
    "Humidity": 81.234375,
    "Pressure": 1017.0908674753948,
    "UV": 0.0,
    "AmbientLight": 0.0
  },
  "2021-12-2-17-16": {
    "Temperature": 21.22,
    "Humidity": 77.96875,
    "Pressure": 1017.1302357518883,
    "UV": 0.0,
    "AmbientLight": 0.0
  },
  "2021-12-2-17-17": {
    "Temperature": 23.54,
    "Humidity": 73.03125,
    "Pressure": 1017.0908674753948,
    "UV": 0.05154639175257732,
    "AmbientLight": 0.0
  },
  "2021-12-2-17-18": {
    "Temperature": 25.64,
    "Humidity": 66.828125,
    "Pressure": 1017.103990234226,
    "UV": 0.0,
    "AmbientLight": 0.0
  },
  "2021-12-2-17-19": {
    "Temperature": 24.8,
    "Humidity": 64.15625,
    "Pressure": 1017.0252536812391,
    "UV": 0.0,
    "AmbientLight": 0.0
  },
  "2021-12-2-17-20": {
    "Temperature": 22.56,
    "Humidity": 66.71875,
    "Pressure": 1017.0646219577325,
    "UV": 0.0,
    "AmbientLight": 21.551724137931032
  },
  "2021-12-2-17-21": {
    "Temperature": 20.92,
    "Humidity": 70.015625,
    "Pressure": 1017.0383764400702,
    "UV": 0.05154639175257732,
    "AmbientLight": 21.551724137931032
  },
  "2021-12-2-17-22": {
    "Temperature": 19.9,
    "Humidity": 72.734375,
    "Pressure": 1017.0908674753948,
    "UV": 0.02577319587628866,
    "AmbientLight": 0.0
  },
  "2021-12-2-17-23": {
    "Temperature": 19.1,
    "Humidity": 75.3125,
    "Pressure": 1017.0646219577325,
    "UV": 0.05154639175257732,
    "AmbientLight": 21.551724137931032
  },
  "2021-12-2-17-24": {
    "Temperature": 18.54,
    "Humidity": 77.5,
    "Pressure": 1017.0646219577325,
    "UV": 0.0,
    "AmbientLight": 0.0
  },
  "2021-12-2-17-25": {
    "Temperature": 18.02,
    "Humidity": 79.421875,
    "Pressure": 1017.1302357518883,
    "UV": 0.0,
    "AmbientLight": 21.551724137931032
  },
  "2021-12-2-17-26": {
    "Temperature": 17.62,
    "Humidity": 81.09375,
    "Pressure": 1017.1302357518883,
    "UV": 0.02577319587628866,
    "AmbientLight": 0.0
  },
  "2021-12-2-17-27": {
    "Temperature": 17.26,
    "Humidity": 82.3125,
    "Pressure": 1017.1302357518883,
    "UV": 0.0,
    "AmbientLight": 0.0
  },
  "2021-12-2-17-28": {
    "Temperature": 17.04,
    "Humidity": 83.84375,
    "Pressure": 1017.2483405813688,
    "UV": 0.02577319587628866,
    "AmbientLight": 21.551724137931032
  },
  "2021-12-2-17-29": {
    "Temperature": 16.9,
    "Humidity": 84.6875,
    "Pressure": 1017.2483405813688,
    "UV": 0.0,
    "AmbientLight": 0.0
  },
  "2021-12-2-17-30": {
    "Temperature": 16.86,
    "Humidity": 85.4375,
    "Pressure": 1017.2614633401998,
    "UV": 0.05154639175257732,
    "AmbientLight": 0.0
  },
  "2021-12-2-17-31": {
    "Temperature": 17.2,
    "Humidity": 85.609375,
    "Pressure": 1017.2614633401998,
    "UV": 0.0,
    "AmbientLight": 21.551724137931032
  }
}