{
  "2021-12-1-1-0": {
    "Temperature": 17.48,
    "Humidity": 81.609375,
    "Pressure": 1009.2172121766995,
    "UV": 0.0,
    "AmbientLight": 0.0
  },
  "2021-12-1-1-1": {
    "Temperature": 17.18,
    "Humidity": 83.109375,
    "Pressure": 1009.0203707942321,
    "UV": 0.05154639175257732,
    "AmbientLight": 0.0
  },
  "2021-12-1-1-2": {
    "Temperature": 17.12,
    "Humidity": 83.875,
    "Pressure": 1008.7185473411155,
    "UV": 0.05154639175257732,
    "AmbientLight": 0.0
  },
  "2021-12-1-1-3": {
    "Temperature": 17.18,
    "Humidity": 84.15625,
    "Pressure": 1008.5873197528039,
    "UV": 0.0,
    "AmbientLight": 0.0
  },
  "2021-12-1-1-4": {
    "Temperature": 17.3,
    "Humidity": 84.4375,
    "Pressure": 1008.5873197528039,
    "UV": 0.0,
    "AmbientLight": 21.551724137931032
  },
  "2021-12-1-1-5": {
    "Temperature": 17.92,
    "Humidity": 84.046875,
    "Pressure": 1008.5479514763103,
    "UV": 0.05154639175257732,
    "AmbientLight": 43.103448275862064
  },
  "2021-12-1-1-6": {
    "Temperature": 19.04,
    "Humidity": 81.828125,
    "Pressure": 1008.5873197528039,
    "UV": 0.02577319587628866,
    "AmbientLight": 21.551724137931032
  },
  "2021-12-1-1-7": {
    "Temperature": 20.6,
    "Humidity": 78.21875,
    "Pressure": 1008.6529335469596,
    "UV": 0.02577319587628866,
    "AmbientLight": 43.103448275862064
  },
  "2021-12-1-1-8": {
    "Temperature": 22.38,
    "Humidity": 74.078125,
    "Pressure": 1008.6529335469596,
    "UV": 0.02577319587628866,
    "AmbientLight": 21.551724137931032
  },
  "2021-12-1-1-9": {
    "Temperature": 24.0,
    "Humidity": 69.578125,
    "Pressure": 1008.521705958648,
    "UV": 0.0,
    "AmbientLight": 0.0
  },
  "2021-12-1-1-10": {
    "Temperature": 24.58,
    "Humidity": 66.484375,
    "Pressure": 1008.4298466468299,
    "UV": 0.0,
    "AmbientLight": 0.0
  },
  "2021-12-1-1-11": {
    "Temperature": 23.92,
    "Humidity": 65.40625,
    "Pressure": 1008.3904783703365,
    "UV": 0.02577319587628866,
    "AmbientLight": 0.0
  },
  "2021-12-1-1-12": {
    "Temperature": 22.04,
    "Humidity": 67.4375,
    "Pressure": 1008.4823376821546,
    "UV": 0.02577319587628866,
    "AmbientLight": 0.0
  },
  "2021-12-1-1-13": {
    "Temperature": 20.58,
    "Humidity": 70.9375,
    "Pressure": 1008.3642328526741,
    "UV": 0.0,
    "AmbientLight": 21.551724137931032
  },
  "2021-12-1-1-14": {
    "Temperature": 19.68,
    "Humidity": 73.609375,
    "Pressure": 1008.2330052643625,
    "UV": 0.0,
    "AmbientLight": 0.0
  },
  "2021-12-1-1-15": {
    "Temperature": 18.98,
    "Humidity": 75.96875,
    "Pressure": 1008.1280231937133,
    "UV": 0.0,
    "AmbientLight": 0.0
  },
  "2021-12-1-1-16": {
    "Temperature": 18.38,
    "Humidity": 78.0,
    "Pressure": 1008.1280231937133,
    "UV": 0.02577319587628866,
    "AmbientLight": 0.0
  },
  "2021-12-1-1-17": {
    "Temperature": 17.92,
    "Humidity": 80.0,
    "Pressure": 1008.1017776760509,
    "UV": 0.0,
    "AmbientLight": 21.551724137931032
  },
  "2021-12-1-1-18": {
    "Temperature": 17.52,
    "Humidity": 81.796875,
    "Pressure": 1008.0624093995575,
    "UV": 0.0,
    "AmbientLight": 0.0
  },
  "2021-12-1-1-19": {
    "Temperature": 17.2,
    "Humidity": 83.140625,
    "Pressure": 1008.0099183642328,
    "UV": 0.0,
    "AmbientLight": 0.0
  },
  "2021-12-1-1-20": {
    "Temperature": 17.12,
    "Humidity": 84.140625,
    "Pressure": 1007.9967956054016,
    "UV": 0.02577319587628866,
    "AmbientLight": 0.0
  },
  "2021-12-1-1-21": {
    "Temperature": 17.16,
    "Humidity": 84.640625,
    "Pressure": 1007.9443045700771,
    "UV": 0.0,
    "AmbientLight": 21.551724137931032
  }
}