{
  "2021-12-2-18-3": {
    "Temperature": 17.1,
    "Humidity": 81.8125,
    "Pressure": 1017.7732509346151,
    "UV": 0.05154639175257732,
    "AmbientLight": 21.551724137931032
  },
  "2021-12-2-18-4": {
    "Temperature": 17.0,
    "Humidity": 82.859375,
    "Pressure": 1017.7732509346151,
    "UV": 0.0,
    "AmbientLight": 0.0
  },
  "2021-12-2-18-5": {
    "Temperature": 17.28,
    "Humidity": 83.46875,
    "Pressure": 1017.7732509346151,
    "UV": 0.0,
    "AmbientLight": 0.0
  },
  "2021-12-2-18-6": {
    "Temperature": 17.92,
    "Humidity": 82.546875,
    "Pressure": 1017.8257419699397,
    "UV": 0.02577319587628866,
    "AmbientLight": 0.0
  },
  "2021-12-2-18-7": {
    "Temperature": 18.74,
    "Humidity": 80.703125,
    "Pressure": 1017.8651102464332,
    "UV": 0.0,
    "AmbientLight": 43.103448275862064
  },
  "2021-12-2-18-8": {
    "Temperature": 20.0,
    "Humidity": 78.28125,
    "Pressure": 1017.7994964522774,
    "UV": 0.0,
    "AmbientLight": 0.0
  },
  "2021-12-2-18-9": {
    "Temperature": 21.92,
    "Humidity": 74.625,
    "Pressure": 1017.8257419699397,
    "UV": 0.0,
    "AmbientLight": 0.0
  },
  "2021-12-2-18-10": {
    "Temperature": 24.18,
    "Humidity": 69.578125,
    "Pressure": 1017.8257419699397,
    "UV": 0.0,
    "AmbientLight": 21.551724137931032
  },
  "2021-12-2-18-11": {
    "Temperature": 25.16,
    "Humidity": 64.390625,
    "Pressure": 1017.8651102464332,
    "UV": 0.0,
    "AmbientLight": 0.0
  },
  "2021-12-2-18-12": {
    "Temperature": 23.12,
    "Humidity": 64.96875,
    "Pressure": 1017.7470054169528,
    "UV": 0.0,
    "AmbientLight": 0.0
  },
  "2021-12-2-18-13": {
    "Temperature": 21.4,
    "Humidity": 68.0,
    "Pressure": 1017.7732509346151,
    "UV": 0.05154639175257732,
    "AmbientLight": 0.0
  },
  "2021-12-2-18-14": {
    "Temperature": 20.32,
    "Humidity": 70.46875,
    "Pressure": 1017.7338826581216,
    "UV": 0.02577319587628866,
    "AmbientLight": 0.0
  },
  "2021-12-2-18-15": {
    "Temperature": 19.5,
    "Humidity": 72.703125,
    "Pressure": 1017.7338826581216,
    "UV": 0.02577319587628866,
    "AmbientLight": 64.6551724137931
  },
  "2021-12-2-18-16": {
    "Temperature": 18.74,
    "Humidity": 74.875,
    "Pressure": 1017.8257419699397,
    "UV": 0.0,
    "AmbientLight": 0.0
  },
  "2021-12-2-18-17": {
    "Temperature": 18.14,
    "Humidity": 77.203125,
    "Pressure": 1017.8651102464332,
    "UV": 0.02577319587628866,
    "AmbientLight": 0.0
  },
  "2021-12-2-18-18": {
    "Temperature": 17.66,
    "Humidity": 78.921875,
    "Pressure": 1017.8388647287709,
    "UV": 0.02577319587628866,
    "AmbientLight": 0.0
  },
  "2021-12-2-18-19": {
    "Temperature": 17.3,
    "Humidity": 80.5625,
    "Pressure": 1017.8388647287709,
    "UV": 0.02577319587628866,
    "AmbientLight": 0.0
  },
  "2021-12-2-18-20": {
    "Temperature": 17.02,
    "Humidity": 82.03125,
    "Pressure": 1017.8651102464332,
    "UV": 0.0,
    "AmbientLight": 21.551724137931032
  },
  "2021-12-2-18-21": {
    "Temperature": 16.96,
    "Humidity": 82.75,
    "Pressure": 1017.9044785229266,
    "UV": 0.07731958762886597,
    "AmbientLight": 43.103448275862064
  },
  "2021-12-2-18-22": {
    "Temperature": 17.32,
    "Humidity": 83.109375,
    "Pressure": 1017.8913557640955,
    "UV": 0.05154639175257732,
    "AmbientLight": 0.0
  },
  "2021-12-2-18-23": {
    "Temperature": 18.08,
    "Humidity": 82.03125,
    "Pressure": 1017.9569695582513,
    "UV": 0.05154639175257732,
    "AmbientLight": 0.0
  },
  "2021-12-2-18-24": {
    "Temperature": 18.96,
    "Humidity": 80.25,
    "Pressure": 1017.9569695582513,
    "UV": 0.0,
    "AmbientLight": 0.0
  },
  "2021-12-2-18-25": {
    "Temperature": 20.46,
    "Humidity": 77.34375,
    "Pressure": 1017.9700923170825,
    "UV": 0.02577319587628866,
    "AmbientLight": 0.0
  },
  "2021-12-2-18-26": {
    "Temperature": 22.58,
    "Humidity": 73.078125,
    "Pressure": 1018.0225833524071,
    "UV": 0.0,
    "AmbientLight": 0.0
  },
  "2021-12-2-18-27": {
    "Temperature": 24.66,
    "Humidity": 67.921875,
    "Pressure": 1017.9963378347447,
    "UV": 0.02577319587628866,
    "AmbientLight": 21.551724137931032
  },
  "2021-12-2-18-28": {
    "Temperature": 25.22,
    "Humidity": 63.46875,
    "Pressure": 1017.930724040589,
    "UV": 0.05154639175257732,
    "AmbientLight": 0.0
  },
  "2021-12-2-18-29": {
    "Temperature": 22.96,
    "Humidity": 64.828125,
    "Pressure": 1017.9044785229266,
    "UV": 0.0,
    "AmbientLight": 0.0
  },
  "2021-12-2-18-30": {
    "Temperature": 21.28,
    "Humidity": 67.984375,
    "Pressure": 1017.9044785229266,
    "UV": 0.02577319587628866,
    "AmbientLight": 43.103448275862064
  },
  "2021-12-2-18-31": {
    "Temperature": 20.26,
    "Humidity": 70.5,
    "Pressure": 1017.8388647287709,
    "UV": 0.0,
    "AmbientLight": 0.0
  }
}