{
  "2015-10-5-23-0": {
    "Temperature": 23.28,
    "Humidity": 69.453125,
    "Pressure": 1027.2216372930495,
    "UV": 0.7731958762886597,
    "AmbientLight": 2004.310344827586
  },
  "2015-10-5-23-1": {
    "Temperature": 23.04,
    "Humidity": 69.296875,
    "Pressure": 1027.1560234988938,
    "UV": 0.5154639175257731,
    "AmbientLight": 1659.4827586206895
  },
  "2015-10-5-23-2": {
    "Temperature": 22.62,
    "Humidity": 69.734375,
    "Pressure": 1027.1560234988938,
    "UV": 0.38659793814432986,
    "AmbientLight": 1271.551724137931
  },
  "2015-10-5-23-3": {
    "Temperature": 22.22,
    "Humidity": 70.4375,
    "Pressure": 1027.1953917753872,
    "UV": 0.33505154639175255,
    "AmbientLight": 1034.4827586206895
  },
  "2015-10-5-23-4": {
    "Temperature": 21.88,
    "Humidity": 71.109375,
    "Pressure": 1027.182269016556,
    "UV": 0.28350515463917525,
    "AmbientLight": 905.1724137931034
  },
  "2015-10-5-23-5": {
    "Temperature": 21.62,
    "Humidity": 71.671875,
    "Pressure": 1027.1953917753872,
    "UV": 0.3092783505154639,
    "AmbientLight": 926.7241379310344
  },
  "2015-10-5-23-6": {
    "Temperature": 21.44,
    "Humidity": 72.140625,
    "Pressure": 1027.2216372930495,
    "UV": 0.25773195876288657,
    "AmbientLight": 883.6206896551723
  },
  "2015-10-5-23-7": {
    "Temperature": 21.24,
    "Humidity": 72.5625,
    "Pressure": 1027.1560234988938,
    "UV": 0.20618556701030927,
    "AmbientLight": 754.3103448275862
  },
  "2015-10-5-23-8": {
    "Temperature": 21.06,
    "Humidity": 73.09375,
    "Pressure": 1027.182269016556,
    "UV": 0.20618556701030927,
    "AmbientLight": 689.655172413793
  },
  "2015-10-5-23-9": {
    "Temperature": 20.92,
    "Humidity": 73.640625,
    "Pressure": 1027.182269016556,
    "UV": 0.1804123711340206,
    "AmbientLight": 689.655172413793
  },
  "2015-10-5-23-10": {
    "Temperature": 20.78,
    "Humidity": 74.375,
    "Pressure": 1027.103532463569,
    "UV": 0.1804123711340206,
    "AmbientLight": 668.103448275862
  },
  "2015-10-5-23-11": {
    "Temperature": 20.64,
    "Humidity": 74.59375,
    "Pressure": 1027.103532463569,
    "UV": 0.15463917525773194,
    "AmbientLight": 646.5517241379309
  },
  "2015-10-5-23-12": {
    "Temperature": 20.54,
    "Humidity": 74.953125,
    "Pressure": 1027.103532463569,
    "UV": 0.23195876288659792,
    "AmbientLight": 646.5517241379309
  },
  "2015-10-5-23-13": {
    "Temperature": 20.48,
    "Humidity": 75.234375,
    "Pressure": 1027.1297779812314,
    "UV": 0.1804123711340206,
    "AmbientLight": 754.3103448275862
  },
  "2015-10-5-23-14": {
    "Temperature": 20.36,
    "Humidity": 75.59375,
    "Pressure": 1027.1297779812314,
    "UV": 0.23195876288659792,
    "AmbientLight": 668.103448275862
  },
  "2015-10-5-23-15": {
    "Temperature": 20.26,
    "Humidity": 75.96875,
    "Pressure": 1027.182269016556,
    "UV": 0.1804123711340206,
    "AmbientLight": 668.103448275862
  },
  "2015-10-5-23-16": {
    "Temperature": 20.24,
    "Humidity": 76.0,
    "Pressure": 1027.103532463569,
    "UV": 0.23195876288659792,
    "AmbientLight": 668.103448275862
  },
  "2015-10-5-23-17": {
    "Temperature": 20.18,
    "Humidity": 76.25,
    "Pressure": 1027.1297779812314,
    "UV": 0.23195876288659792,
    "AmbientLight": 754.3103448275862
  },
  "2015-10-5-23-18": {
    "Temperature": 20.12,
    "Humidity": 76.28125,
    "Pressure": 1027.103532463569,
    "UV": 0.28350515463917525,
    "AmbientLight": 711.2068965517241
  },
  "2015-10-5-23-19": {
    "Temperature": 20.08,
    "Humidity": 76.59375,
    "Pressure": 1027.1297779812314,
    "UV": 0.25773195876288657,
    "AmbientLight": 775.8620689655172
  },
  "2015-10-5-23-20": {
    "Temperature": 20.0,
    "Humidity": 76.6875,
    "Pressure": 1027.1297779812314,
    "UV": 0.20618556701030927,
    "AmbientLight": 689.655172413793
  },
  "2015-10-5-23-21": {
    "Temperature": 19.92,
    "Humidity": 77.046875,
    "Pressure": 1027.0510414282444,
    "UV": 0.1804123711340206,
    "AmbientLight": 625.0
  },
  "2015-10-5-23-22": {
    "Temperature": 19.86,
    "Humidity": 77.453125,
    "Pressure": 1027.0510414282444,
    "UV": 0.10309278350515463,
    "AmbientLight": 603.448275862069
  },
  "2015-10-5-23-23": {
    "Temperature": 19.76,
    "Humidity": 77.453125,
    "Pressure": 1027.0772869459067,
    "UV": 0.1804123711340206,
    "AmbientLight": 625.0
  },
  "2015-10-5-23-24": {
    "Temperature": 19.66,
    "Humidity": 77.65625,
    "Pressure": 1027.0510414282444,
    "UV": 0.07731958762886597,
    "AmbientLight": 603.448275862069
  },
  "2015-10-5-23-25": {
    "Temperature": 19.58,
    "Humidity": 77.59375,
    "Pressure": 1027.0510414282444,
    "UV": 0.1804123711340206,
    "AmbientLight": 560.3448275862069
  },
  "2015-10-5-23-26": {
    "Temperature": 19.56,
    "Humidity": 77.765625,
    "Pressure": 1027.0379186694133,
    "UV": 0.1804123711340206,
    "AmbientLight": 560.3448275862069
  },
  "2015-10-5-23-27": {
    "Temperature": 19.46,
    "Humidity": 77.953125,
    "Pressure": 1027.011673151751,
    "UV": 0.1804123711340206,
    "AmbientLight": 625.0
  },
  "2015-10-5-23-28": {
    "Temperature": 19.4,
    "Humidity": 78.0625,
    "Pressure": 1027.011673151751,
    "UV": 0.20618556701030927,
    "AmbientLight": 668.103448275862
  },
  "2015-10-5-23-29": {
    "Temperature": 19.32,
    "Humidity": 78.28125,
    "Pressure": 1027.011673151751,
    "UV": 0.15463917525773194,
    "AmbientLight": 603.448275862069
  },
  "2015-10-5-23-30": {
    "Temperature": 19.26,
    "Humidity": 78.328125,
    "Pressure": 1027.011673151751,
    "UV": 0.07731958762886597,
    "AmbientLight": 560.3448275862069
  },
  "2015-10-5-23-31": {
    "Temperature": 19.18,
    "Humidity": 78.46875,
    "Pressure": 1026.9591821164263,
    "UV": 0.20618556701030927,
    "AmbientLight": 560.3448275862069
  },
  "2015-10-5-23-32": {
    "Temperature": 19.12,
    "Humidity": 78.609375,
    "Pressure": 1026.9329365987642,
    "UV": 0.12886597938144329,
    "AmbientLight": 495.6896551724138
  },
  "2015-10-5-23-33": {
    "Temperature": 19.04,
    "Humidity": 78.765625,
    "Pressure": 1026.9854276340886,
    "UV": 0.10309278350515463,
    "AmbientLight": 474.13793103448273
  }
}