{
  "2015-10-5-22-0": {
    "Temperature": 25.98,
    "Humidity": 68.171875,
    "Pressure": 1027.5365835049975,
    "UV": 0.43814432989690716,
    "AmbientLight": 1443.9655172413793
  },
  "2015-10-5-22-1": {
    "Temperature": 25.88,
    "Humidity": 68.15625,
    "Pressure": 1027.4972152285038,
    "UV": 0.46391752577319584,
    "AmbientLight": 1250.0
  },
  "2015-10-5-22-2": {
    "Temperature": 25.66,
    "Humidity": 68.34375,
    "Pressure": 1027.4709697108415,
    "UV": 0.5412371134020618,
    "AmbientLight": 1443.9655172413793
  },
  "2015-10-5-22-3": {
    "Temperature": 25.5,
    "Humidity": 68.53125,
    "Pressure": 1027.4447241931794,
    "UV": 0.41237113402061853,
    "AmbientLight": 1185.3448275862067
  },
  "2015-10-5-22-4": {
    "Temperature": 25.38,
    "Humidity": 68.71875,
    "Pressure": 1027.4447241931794,
    "UV": 0.46391752577319584,
    "AmbientLight": 1077.5862068965516
  },
  "2015-10-5-22-5": {
    "Temperature": 25.16,
    "Humidity": 69.0,
    "Pressure": 1027.4447241931794,
    "UV": 0.3608247422680412,
    "AmbientLight": 991.3793103448276
  },
  "2015-10-5-22-6": {
    "Temperature": 24.96,
    "Humidity": 69.25,
    "Pressure": 1027.4184786755168,
    "UV": 0.3092783505154639,
    "AmbientLight": 1034.4827586206895
  },
  "2015-10-5-22-7": {
    "Temperature": 24.78,
    "Humidity": 69.3125,
    "Pressure": 1027.3922331578547,
    "UV": 0.38659793814432986,
    "AmbientLight": 969.8275862068965
  },
  "2015-10-5-22-8": {
    "Temperature": 24.64,
    "Humidity": 69.5625,
    "Pressure": 1027.3922331578547,
    "UV": 0.38659793814432986,
    "AmbientLight": 1185.3448275862067
  },
  "2015-10-5-22-9": {
    "Temperature": 24.58,
    "Humidity": 69.609375,
    "Pressure": 1027.4184786755168,
    "UV": 0.46391752577319584,
    "AmbientLight": 1142.2413793103447
  },
  "2015-10-5-22-10": {
    "Temperature": 24.42,
    "Humidity": 69.796875,
    "Pressure": 1027.3528648813613,
    "UV": 0.33505154639175255,
    "AmbientLight": 1056.0344827586207
  },
  "2015-10-5-22-11": {
    "Temperature": 24.26,
    "Humidity": 70.046875,
    "Pressure": 1027.3659876401923,
    "UV": 0.3608247422680412,
    "AmbientLight": 1056.0344827586207
  },
  "2015-10-5-22-12": {
    "Temperature": 24.16,
    "Humidity": 70.21875,
    "Pressure": 1027.3528648813613,
    "UV": 0.33505154639175255,
    "AmbientLight": 1034.4827586206895
  },
  "2015-10-5-22-13": {
    "Temperature": 23.98,
    "Humidity": 70.515625,
    "Pressure": 1027.3003738460366,
    "UV": 0.33505154639175255,
    "AmbientLight": 1120.6896551724137
  },
  "2015-10-5-22-14": {
    "Temperature": 23.88,
    "Humidity": 70.703125,
    "Pressure": 1027.3003738460366,
    "UV": 0.38659793814432986,
    "AmbientLight": 1120.6896551724137
  },
  "2015-10-5-22-15": {
    "Temperature": 23.78,
    "Humidity": 70.8125,
    "Pressure": 1027.274128328374,
    "UV": 0.46391752577319584,
    "AmbientLight": 1185.3448275862067
  },
  "2015-10-5-22-16": {
    "Temperature": 23.74,
    "Humidity": 70.90625,
    "Pressure": 1027.3266193636987,
    "UV": 0.38659793814432986,
    "AmbientLight": 1077.5862068965516
  },
  "2015-10-5-22-17": {
    "Temperature": 23.68,
    "Humidity": 70.96875,
    "Pressure": 1027.3003738460366,
    "UV": 0.41237113402061853,
    "AmbientLight": 1206.896551724138
  },
  "2015-10-5-22-18": {
    "Temperature": 23.68,
    "Humidity": 71.015625,
    "Pressure": 1027.2478828107119,
    "UV": 0.41237113402061853,
    "AmbientLight": 1185.3448275862067
  },
  "2015-10-5-22-19": {
    "Temperature": 23.58,
    "Humidity": 71.140625,
    "Pressure": 1027.274128328374,
    "UV": 0.43814432989690716,
    "AmbientLight": 1228.4482758620688
  },
  "2015-10-5-22-20": {
    "Temperature": 23.6,
    "Humidity": 71.359375,
    "Pressure": 1027.3003738460366,
    "UV": 0.43814432989690716,
    "AmbientLight": 1357.7586206896551
  },
  "2015-10-5-22-21": {
    "Temperature": 23.66,
    "Humidity": 71.125,
    "Pressure": 1027.2478828107119,
    "UV": 0.5154639175257731,
    "AmbientLight": 1422.4137931034481
  },
  "2015-10-5-22-22": {
    "Temperature": 23.64,
    "Humidity": 71.25,
    "Pressure": 1027.3003738460366,
    "UV": 0.5412371134020618,
    "AmbientLight": 1357.7586206896551
  },
  "2015-10-5-22-23": {
    "Temperature": 23.7,
    "Humidity": 71.140625,
    "Pressure": 1027.3266193636987,
    "UV": 0.5412371134020618,
    "AmbientLight": 1573.2758620689654
  },
  "2015-10-5-22-24": {
    "Temperature": 23.78,
    "Humidity": 71.140625,
    "Pressure": 1027.3266193636987,
    "UV": 0.5154639175257731,
    "AmbientLight": 1637.9310344827584
  },
  "2015-10-5-22-25": {
    "Temperature": 23.78,
    "Humidity": 71.203125,
    "Pressure": 1027.3659876401923,
    "UV": 0.48969072164948446,
    "AmbientLight": 1530.1724137931033
  },
  "2015-10-5-22-26": {
    "Temperature": 23.76,
    "Humidity": 71.375,
    "Pressure": 1027.3528648813613,
    "UV": 0.5154639175257731,
    "AmbientLight": 1422.4137931034481
  },
  "2015-10-5-22-27": {
    "Temperature": 23.74,
    "Humidity": 71.484375,
    "Pressure": 1027.3003738460366,
    "UV": 0.48969072164948446,
    "AmbientLight": 1357.7586206896551
  },
  "2015-10-5-22-28": {
    "Temperature": 23.68,
    "Humidity": 71.65625,
    "Pressure": 1027.3266193636987,
    "UV": 0.46391752577319584,
    "AmbientLight": 1228.4482758620688
  },
  "2015-10-5-22-29": {
    "Temperature": 23.58,
    "Humidity": 71.703125,
    "Pressure": 1027.3003738460366,
    "UV": 0.3608247422680412,
    "AmbientLight": 1120.6896551724137
  },
  "2015-10-5-22-30": {
    "Temperature": 23.44,
    "Humidity": 71.96875,
    "Pressure": 1027.274128328374,
    "UV": 0.3608247422680412,
    "AmbientLight": 948.2758620689655
  },
  "2015-10-5-22-31": {
    "Temperature": 23.3,
    "Humidity": 72.078125,
    "Pressure": 1027.3003738460366,
    "UV": 0.3092783505154639,
    "AmbientLight": 926.7241379310344
  },
  "2015-10-5-22-32": {
    "Temperature": 23.22,
    "Humidity": 72.109375,
    "Pressure": 1027.3266193636987,
    "UV": 0.3092783505154639,
    "AmbientLight": 926.7241379310344
  },
  "2015-10-5-22-33": {
    "Temperature": 23.1,
    "Humidity": 72.328125,
    "Pressure": 1027.3266193636987,
    "UV": 0.28350515463917525,
    "AmbientLight": 1056.0344827586207
  },
  "2015-10-5-22-34": {
    "Temperature": 23.0,
    "Humidity": 72.28125,
    "Pressure": 1027.3003738460366,
    "UV": 0.3092783505154639,
    "AmbientLight": 991.3793103448276
  },
  "2015-10-5-22-35": {
    "Temperature": 22.86,
    "Humidity": 72.390625,
    "Pressure": 1027.3003738460366,
    "UV": 0.3092783505154639,
    "AmbientLight": 991.3793103448276
  },
  "2015-10-5-22-36": {
    "Temperature": 22.8,
    "Humidity": 72.46875,
    "Pressure": 1027.274128328374,
    "UV": 0.33505154639175255,
    "AmbientLight": 969.8275862068965
  },
  "2015-10-5-22-37": {
    "Temperature": 22.74,
    "Humidity": 72.640625,
    "Pressure": 1027.2478828107119,
    "UV": 0.33505154639175255,
    "AmbientLight": 1077.5862068965516
  },
  "2015-10-5-22-38": {
    "Temperature": 22.68,
    "Humidity": 72.828125,
    "Pressure": 1027.2478828107119,
    "UV": 0.3092783505154639,
    "AmbientLight": 905.1724137931034
  },
  "2015-10-5-22-39": {
    "Temperature": 22.6,
    "Humidity": 72.921875,
    "Pressure": 1027.3003738460366,
    "UV": 0.3092783505154639,
    "AmbientLight": 991.3793103448276
  },
  "2015-10-5-22-40": {
    "Temperature": 22.48,
    "Humidity": 73.03125,
    "Pressure": 1027.2216372930495,
    "UV": 0.3092783505154639,
    "AmbientLight": 797.4137931034483
  },
  "2015-10-5-22-41": {
    "Temperature": 22.34,
    "Humidity": 73.203125,
    "Pressure": 1027.274128328374,
    "UV": 0.23195876288659792,
    "AmbientLight": 775.8620689655172
  },
  "2015-10-5-22-42": {
    "Temperature": 22.28,
    "Humidity": 73.390625,
    "Pressure": 1027.3266193636987,
    "UV": 0.28350515463917525,
    "AmbientLight": 883.6206896551723
  },
  "2015-10-5-22-43": {
    "Temperature": 22.22,