{
  "2021-12-2-15-0": {
    "Temperature": 23.04,
    "Humidity": 72.4375,
    "Pressure": 1015.7129777981231,
    "UV": 0.23195876288659792,
    "AmbientLight": 926.7241379310344
  },
  "2021-12-2-15-1": {
    "Temperature": 22.92,
    "Humidity": 72.75,
    "Pressure": 1015.7392233157855,
    "UV": 0.33505154639175255,
    "AmbientLight": 969.8275862068965
  },
  "2021-12-2-15-2": {
    "Temperature": 22.82,
    "Humidity": 73.078125,
    "Pressure": 1015.7654688334478,
    "UV": 0.23195876288659792,
    "AmbientLight": 905.1724137931034
  },
  "2021-12-2-15-3": {
    "Temperature": 22.7,
    "Humidity": 73.296875,
    "Pressure": 1015.79171435111,
    "UV": 0.1804123711340206,
    "AmbientLight": 969.8275862068965
  },
  "2021-12-2-15-4": {
    "Temperature": 22.64,
    "Humidity": 73.609375,
    "Pressure": 1015.79171435111,
    "UV": 0.3092783505154639,
    "AmbientLight": 1056.0344827586207
  },
  "2021-12-2-15-5": {
    "Temperature": 22.54,
    "Humidity": 74.109375,
    "Pressure": 1015.79171435111,
    "UV": 0.3608247422680412,
    "AmbientLight": 1099.1379310344826
  },
  "2021-12-2-15-6": {
    "Temperature": 22.48,
    "Humidity": 74.234375,
    "Pressure": 1015.8179598687724,
    "UV": 0.23195876288659792,
    "AmbientLight": 840.5172413793102
  },
  "2021-12-2-15-7": {
    "Temperature": 22.4,
    "Humidity": 74.4375,
    "Pressure": 1015.8179598687724,
    "UV": 0.28350515463917525,
    "AmbientLight": 948.2758620689655
  },
  "2021-12-2-15-8": {
    "Temperature": 22.3,
    "Humidity": 74.59375,
    "Pressure": 1015.7654688334478,
    "UV": 0.3092783505154639,
    "AmbientLight": 1077.5862068965516
  },
  "2021-12-2-15-9": {
    "Temperature": 22.22,
    "Humidity": 74.71875,
    "Pressure": 1015.8179598687724,
    "UV": 0.1804123711340206,
    "AmbientLight": 840.5172413793102
  },
  "2021-12-2-15-10": {
    "Temperature": 22.16,
    "Humidity": 74.9375,
    "Pressure": 1015.8179598687724,
    "UV": 0.23195876288659792,
    "AmbientLight": 797.4137931034483
  },
  "2021-12-2-15-11": {
    "Temperature": 22.08,
    "Humidity": 75.1875,
    "Pressure": 1015.8573281452659,
    "UV": 0.3608247422680412,
    "AmbientLight": 1034.4827586206895
  },
  "2021-12-2-15-12": {
    "Temperature": 22.02,
    "Humidity": 75.234375,
    "Pressure": 1015.8835736629283,
    "UV": 0.1804123711340206,
    "AmbientLight": 905.1724137931034
  },
  "2021-12-2-15-13": {
    "Temperature": 21.92,
    "Humidity": 75.5625,
    "Pressure": 1015.8573281452659,
    "UV": 0.28350515463917525,
    "AmbientLight": 818.9655172413792
  },
  "2021-12-2-15-14": {
    "Temperature": 21.84,
    "Humidity": 75.703125,
    "Pressure": 1015.8573281452659,
    "UV": 0.20618556701030927,
    "AmbientLight": 883.6206896551723
  },
  "2021-12-2-15-15": {
    "Temperature": 21.78,
    "Humidity": 75.90625,
    "Pressure": 1015.9360646982528,
    "UV": 0.28350515463917525,
    "AmbientLight": 883.6206896551723
  },
  "2021-12-2-15-16": {
    "Temperature": 21.72,
    "Humidity": 76.015625,
    "Pressure": 1015.9623102159152,
    "UV": 0.20618556701030927,
    "AmbientLight": 689.655172413793
  },
  "2021-12-2-15-17": {
    "Temperature": 21.62,
    "Humidity": 76.296875,
    "Pressure": 1015.9623102159152,
    "UV": 0.12886597938144329,
    "AmbientLight": 711.2068965517241
  },
  "2021-12-2-15-18": {
    "Temperature": 21.56,
    "Humidity": 76.40625,
    "Pressure": 1015.9623102159152,
    "UV": 0.1804123711340206,
    "AmbientLight": 689.655172413793
  },
  "2021-12-2-15-19": {
    "Temperature": 21.46,
    "Humidity": 76.3125,
    "Pressure": 1015.9360646982528,
    "UV": 0.20618556701030927,
    "AmbientLight": 668.103448275862
  },
  "2021-12-2-15-20": {
    "Temperature": 21.44,
    "Humidity": 76.40625,
    "Pressure": 1015.9885557335775,
    "UV": 0.1804123711340206,
    "AmbientLight": 689.655172413793
  },
  "2021-12-2-15-21": {
    "Temperature": 21.36,
    "Humidity": 76.5,
    "Pressure": 1016.0148012512398,
    "UV": 0.20618556701030927,
    "AmbientLight": 646.5517241379309
  },
  "2021-12-2-15-22": {
    "Temperature": 21.26,
    "Humidity": 76.65625,
    "Pressure": 1015.9623102159152,
    "UV": 0.20618556701030927,
    "AmbientLight": 603.448275862069
  },
  "2021-12-2-15-23": {
    "Temperature": 21.2,
    "Humidity": 76.765625,
    "Pressure": 1016.0148012512398,
    "UV": 0.10309278350515463,
    "AmbientLight": 517.2413793103448
  },
  "2021-12-2-15-24": {
    "Temperature": 21.06,
    "Humidity": 77.0625,
    "Pressure": 1016.1066605630579,
    "UV": 0.1804123711340206,
    "AmbientLight": 603.448275862069
  },
  "2021-12-2-15-25": {
    "Temperature": 21.0,
    "Humidity": 77.15625,
    "Pressure": 1016.1066605630579,
    "UV": 0.10309278350515463,
    "AmbientLight": 646.5517241379309
  },
  "2021-12-2-15-26": {
    "Temperature": 20.9,
    "Humidity": 77.375,
    "Pressure": 1016.1329060807202,
    "UV": 0.23195876288659792,
    "AmbientLight": 711.2068965517241
  },
  "2021-12-2-15-27": {
    "Temperature": 20.8,
    "Humidity": 77.328125,
    "Pressure": 1016.1329060807202,
    "UV": 0.10309278350515463,
    "AmbientLight": 517.2413793103448
  },
  "2021-12-2-15-28": {
    "Temperature": 20.72,
    "Humidity": 77.53125,
    "Pressure": 1016.1591515983826,
    "UV": 0.15463917525773194,
    "AmbientLight": 538.7931034482758
  },
  "2021-12-2-15-29": {
    "Temperature": 20.62,
    "Humidity": 77.578125,
    "Pressure": 1016.1329060807202,
    "UV": 0.12886597938144329,
    "AmbientLight": 474.13793103448273
  },
  "2021-12-2-15-30": {
    "Temperature": 20.54,
    "Humidity": 77.96875,
    "Pressure": 1016.1591515983826,
    "UV": 0.12886597938144329,
    "AmbientLight": 517.2413793103448
  },
  "2021-12-2-15-31": {
    "Temperature": 20.4,
    "Humidity": 77.984375,
    "Pressure": 1016.1591515983826,
    "UV": 0.12886597938144329,
    "AmbientLight": 517.2413793103448
  },
  "2021-12-2-15-32": {
    "Temperature": 20.34,
    "Humidity": 78.140625,
    "Pressure": 1016.1329060807202,
    "UV": 0.23195876288659792,
    "AmbientLight": 560.3448275862069
  },
  "2021-12-2-15-33": {
    "Temperature": 20.24,
    "Humidity": 78.25,
    "Pressure": 1016.1329060807202,
    "UV": 0.05154639175257732,
    "AmbientLight": 452.5862068965517
  },
  "2021-12-2-15-34": {
    "Temperature": 20.14,
    "Humidity": 78.421875,
    "Pressure": 1016.1066605630579,
    "UV": 0.15463917525773194,
    "AmbientLight": 452.5862068965517
  },
  "2021-12-2-15-35": {
    "Temperature": 20.06,
    "Humidity": 78.765625,
    "Pressure": 1016.1066605630579,
    "UV": 0.1804123711340206,
    "AmbientLight": 474.13793103448273
  },
  "2021-12-2-15-36": {
    "Temperature": 19.94,
    "Humidity": 78.9375,
    "Pressure": 1016.1066605630579,
    "UV": 0.07731958762886597,
    "AmbientLight": 409.4827586206896
  },
  "2021-12-2-15-37": {
    "Temperature": 19.82,
    "Humidity": 79.0,
    "Pressure": 1016.0804150453956,
    "UV": 0.10309278350515463,
    "AmbientLight": 409.4827586206896
  },
  "2021-12-2-15-38": {
    "Temperature": 19.74,
    "Humidity": 79.171875,
    "Pressure": 1016.0804150453956,
    "UV": 0.1804123711340206,
    "AmbientLight": 474.13793103448273
  },
  "2021-12-2-15-39": {
    "Temperature": 19.66,
    "Humidity": 79.4375,
    "Pressure": 1016.1591515983826,
    "UV": 0.15463917525773194,
    "AmbientLight": 409.4827586206896
  },
  "2021-12-2-15-40": {
    "Temperature": 19.52,
    "Humidity": 79.40625,
    "Pressure": 1016.1591515983826,
    "UV": 0.05154639175257732,
    "AmbientLight": 474.13793103448273
  },
  "2021-12-2-15-41": {
    "Temperature": 19.44,
    "Humidity": 79.484375,
    "Pressure": 1016.1722743572137,
    "UV": 0.07731958762886597,
    "AmbientLight": 344.8275862068965
  },
  "2021-12-2-15-42": {
    "Temperature": 19.34,
    "Humidity": 79.734375,
    "Pressure": 1016.1591515983826,
    "UV": 0.02577319587628866,
    "AmbientLight": 409.4827586206896
  },
  "2021-12-2-15-43": {
    "Temperature": 19.2,
    "Humidity": 79.96875,