{
  "2021-12-1-1-0": {
    "Temperature": 17.4,
    "Humidity": 81.28125,
    "Pressure": 1009.1122301060502,
    "UV": 0.0,
    "AmbientLight": 43.103448275862064
  },
  "2021-12-1-1-1": {
    "Temperature": 17.1,
    "Humidity": 81.609375,
    "Pressure": 1008.9416342412451,
    "UV": 0.02577319587628866,
    "AmbientLight": 21.551724137931032
  },
  "2021-12-1-1-2": {
    "Temperature": 16.88,
    "Humidity": 81.875,
    "Pressure": 1008.6266880292973,
    "UV": 0.0,
    "AmbientLight": 21.551724137931032
  },
  "2021-12-1-1-3": {
    "Temperature": 16.68,
    "Humidity": 82.265625,
    "Pressure": 1008.4298466468299,
    "UV": 0.0,
    "AmbientLight": 0.0
  },
  "2021-12-1-1-4": {
    "Temperature": 16.54,
    "Humidity": 82.640625,
    "Pressure": 1008.4036011291677,
    "UV": 0.0,
    "AmbientLight": 0.0
  },
  "2021-12-1-1-5": {
    "Temperature": 16.48,
    "Humidity": 83.078125,
    "Pressure": 1008.4298466468299,
    "UV": 0.02577319587628866,
    "AmbientLight": 21.551724137931032
  },
  "2021-12-1-1-6": {
    "Temperature": 16.54,
    "Humidity": 83.90625,
    "Pressure": 1008.4036011291677,
    "UV": 0.02577319587628866,
    "AmbientLight": 43.103448275862064
  },
  "2021-12-1-1-7": {
    "Temperature": 17.0,
    "Humidity": 84.84375,
    "Pressure": 1008.4823376821546,
    "UV": 0.0,
    "AmbientLight": 21.551724137931032
  },
  "2021-12-1-1-8": {
    "Temperature": 17.7,
    "Humidity": 85.53125,
    "Pressure": 1008.4823376821546,
    "UV": 0.02577319587628866,
    "AmbientLight": 0.0
  },
  "2021-12-1-1-9": {
    "Temperature": 18.4,
    "Humidity": 85.5625,
    "Pressure": 1008.4560921644922,
    "UV": 0.0,
    "AmbientLight": 43.103448275862064
  },
  "2021-12-1-1-10": {
    "Temperature": 18.7,
    "Humidity": 84.515625,
    "Pressure": 1008.3773556115053,
    "UV": 0.02577319587628866,
    "AmbientLight": 0.0
  },
  "2021-12-1-1-11": {
    "Temperature": 18.82,
    "Humidity": 83.6875,
    "Pressure": 1008.3773556115053,
    "UV": 0.0,
    "AmbientLight": 21.551724137931032
  },
  "2021-12-1-1-12": {
    "Temperature": 18.88,
    "Humidity": 82.828125,
    "Pressure": 1008.351110093843,
    "UV": 0.0,
    "AmbientLight": 21.551724137931032
  },
  "2021-12-1-1-13": {
    "Temperature": 18.78,
    "Humidity": 82.09375,
    "Pressure": 1008.3379873350118,
    "UV": 0.0,
    "AmbientLight": 0.0
  },
  "2021-12-1-1-14": {
    "Temperature": 18.46,
    "Humidity": 81.515625,
    "Pressure": 1008.1673914702068,
    "UV": 0.02577319587628866,
    "AmbientLight": 43.103448275862064
  },
  "2021-12-1-1-15": {
    "Temperature": 18.16,
    "Humidity": 81.234375,
    "Pressure": 1008.0886549172199,
    "UV": 0.0,
    "AmbientLight": 43.103448275862064
  },
  "2021-12-1-1-16": {
    "Temperature": 17.88,
    "Humidity": 81.234375,
    "Pressure": 1008.0361638818952,
    "UV": 0.0,
    "AmbientLight": 0.0
  },
  "2021-12-1-1-17": {
    "Temperature": 17.58,
    "Humidity": 81.359375,
    "Pressure": 1007.9705500877394,
    "UV": 0.0,
    "AmbientLight": 0.0
  },
  "2021-12-1-1-18": {
    "Temperature": 17.28,
    "Humidity": 81.546875,
    "Pressure": 1007.9180590524147,
    "UV": 0.0,
    "AmbientLight": 0.0
  },
  "2021-12-1-1-19": {
    "Temperature": 17.02,
    "Humidity": 81.75,
    "Pressure": 1007.8918135347524,
    "UV": 0.0,
    "AmbientLight": 21.551724137931032
  },
  "2021-12-1-1-20": {
    "Temperature": 16.78,
    "Humidity": 82.109375,
    "Pressure": 1007.8786907759213,
    "UV": 0.0,
    "AmbientLight": 0.0
  },
  "2021-12-1-1-21": {
    "Temperature": 16.6,
    "Humidity": 82.5625,
    "Pressure": 1007.8786907759213,
    "UV": 0.0,
    "AmbientLight": 0.0
  },
  "2021-12-1-1-22": {
    "Temperature": 16.48,
    "Humidity": 82.90625,
    "Pressure": 1007.7999542229343,
    "UV": 0.0,
    "AmbientLight": 21.551724137931032
  },
  "2021-12-1-1-23": {
    "Temperature": 16.38,
    "Humidity": 83.265625,
    "Pressure": 1007.7474631876097,
    "UV": 0.0,
    "AmbientLight": 0.0
  }
}