{
  "2015-10-5-23-0": {
    "Temperature": 20.42,
    "Humidity": 75.234375,
    "Pressure": 1026.9591821164263,
    "UV": 0.02577319587628866,
    "AmbientLight": 86.20689655172413
  },
  "2015-10-5-23-1": {
    "Temperature": 20.38,
    "Humidity": 75.34375,
    "Pressure": 1027.011673151751,
    "UV": 0.07731958762886597,
    "AmbientLight": 64.6551724137931
  },
  "2015-10-5-23-2": {
    "Temperature": 20.32,
    "Humidity": 75.359375,
    "Pressure": 1027.011673151751,
    "UV": 0.0,
    "AmbientLight": 64.6551724137931
  },
  "2015-10-5-23-3": {
    "Temperature": 20.3,
    "Humidity": 75.546875,
    "Pressure": 1027.011673151751,
    "UV": 0.0,
    "AmbientLight": 43.103448275862064
  },
  "2015-10-5-23-4": {
    "Temperature": 20.24,
    "Humidity": 75.578125,
    "Pressure": 1026.9854276340886,
    "UV": 0.0,
    "AmbientLight": 0.0
  },
  "2015-10-5-23-5": {
    "Temperature": 20.22,
    "Humidity": 75.65625,
    "Pressure": 1026.9854276340886,
    "UV": 0.0,
    "AmbientLight": 43.103448275862064
  },
  "2015-10-5-23-6": {
    "Temperature": 20.18,
    "Humidity": 75.875,
    "Pressure": 1026.9854276340886,
    "UV": 0.05154639175257732,
    "AmbientLight": 43.103448275862064
  },
  "2015-10-5-23-7": {
    "Temperature": 20.12,
    "Humidity": 75.859375,
    "Pressure": 1027.011673151751,
    "UV": 0.0,
    "AmbientLight": 0.0
  },
  "2015-10-5-23-8": {
    "Temperature": 20.06,
    "Humidity": 75.984375,
    "Pressure": 1027.011673151751,
    "UV": 0.02577319587628866,
    "AmbientLight": 21.551724137931032
  },
  "2015-10-5-23-9": {
    "Temperature": 20.02,
    "Humidity": 76.0,
    "Pressure": 1027.011673151751,
    "UV": 0.0,
    "AmbientLight": 43.103448275862064
  },
  "2015-10-5-23-10": {
    "Temperature": 19.98,
    "Humidity": 76.125,
    "Pressure": 1027.011673151751,
    "UV": 0.0,
    "AmbientLight": 64.6551724137931
  },
  "2015-10-5-23-11": {
    "Temperature": 19.94,
    "Humidity": 76.203125,
    "Pressure": 1027.0379186694133,
    "UV": 0.0,
    "AmbientLight": 21.551724137931032
  },
  "2015-10-5-23-12": {
    "Temperature": 19.92,
    "Humidity": 76.25,
    "Pressure": 1027.011673151751,
    "UV": 0.07731958762886597,
    "AmbientLight": 0.0
  },
  "2015-10-5-23-13": {
    "Temperature": 19.86,
    "Humidity": 76.375,
    "Pressure": 1026.9591821164263,
    "UV": 0.02577319587628866,
    "AmbientLight": 0.0
  },
  "2015-10-5-23-14": {
    "Temperature": 19.84,
    "Humidity": 76.4375,
    "Pressure": 1026.9591821164263,
    "UV": 0.10309278350515463,
    "AmbientLight": 0.0
  },
  "2015-10-5-23-15": {
    "Temperature": 19.8,
    "Humidity": 76.453125,
    "Pressure": 1026.9591821164263,
    "UV": 0.0,
    "AmbientLight": 0.0
  },
  "2015-10-5-23-16": {
    "Temperature": 19.76,
    "Humidity": 76.5,
    "Pressure": 1026.9591821164263,
    "UV": 0.0,
    "AmbientLight": 0.0
  },
  "2015-10-5-23-17": {
    "Temperature": 19.7,
    "Humidity": 76.578125,
    "Pressure": 1026.9591821164263,
    "UV": 0.07731958762886597,
    "AmbientLight": 0.0
  },
  "2015-10-5-23-18": {
    "Temperature": 19.66,
    "Humidity": 76.578125,
    "Pressure": 1026.9066910811016,
    "UV": 0.0,
    "AmbientLight": 21.551724137931032
  },
  "2015-10-5-23-19": {
    "Temperature": 19.62,
    "Humidity": 76.59375,
    "Pressure": 1026.8673228046082,
    "UV": 0.0,
    "AmbientLight": 0.0
  },
  "2015-10-5-23-20": {
    "Temperature": 19.58,
    "Humidity": 76.71875,
    "Pressure": 1026.8673228046082,
    "UV": 0.0,
    "AmbientLight": 21.551724137931032
  },
  "2015-10-5-23-21": {
    "Temperature": 19.58,
    "Humidity": 76.75,
    "Pressure": 1026.841077286946,
    "UV": 0.05154639175257732,
    "AmbientLight": 0.0
  },
  "2015-10-5-23-22": {
    "Temperature": 19.5,
    "Humidity": 76.765625,
    "Pressure": 1026.9066910811016,
    "UV": 0.0,
    "AmbientLight": 43.103448275862064
  },
  "2015-10-5-23-23": {
    "Temperature": 19.44,
    "Humidity": 76.8125,
    "Pressure": 1026.841077286946,
    "UV": 0.0,
    "AmbientLight": 0.0
  },
  "2015-10-5-23-24": {
    "Temperature": 19.4,
    "Humidity": 76.890625,
    "Pressure": 1026.841077286946,
    "UV": 0.0,
    "AmbientLight": 0.0
  },
  "2015-10-5-23-25": {
    "Temperature": 19.34,
    "Humidity": 76.78125,
    "Pressure": 1026.8148317692835,
    "UV": 0.0,
    "AmbientLight": 43.103448275862064
  },
  "2015-10-5-23-26": {
    "Temperature": 19.3,
    "Humidity": 76.921875,
    "Pressure": 1026.7885862516214,
    "UV": 0.0,
    "AmbientLight": 43.103448275862064
  },
  "2015-10-5-23-27": {
    "Temperature": 19.24,
    "Humidity": 76.921875,
    "Pressure": 1026.7885862516214,
    "UV": 0.0,
    "AmbientLight": 43.103448275862064
  },
  "2015-10-5-23-28": {
    "Temperature": 19.22,
    "Humidity": 77.03125,
    "Pressure": 1026.841077286946,
    "UV": 0.0,
    "AmbientLight": 0.0
  },
  "2015-10-5-23-29": {
    "Temperature": 19.16,
    "Humidity": 77.0,
    "Pressure": 1026.8148317692835,
    "UV": 0.05154639175257732,
    "AmbientLight": 0.0
  },
  "2015-10-5-23-30": {
    "Temperature": 19.12,
    "Humidity": 76.953125,
    "Pressure": 1026.841077286946,
    "UV": 0.0,
    "AmbientLight": 0.0
  },
  "2015-10-5-23-31": {
    "Temperature": 19.04,
    "Humidity": 76.984375,
    "Pressure": 1026.8148317692835,
    "UV": 0.0,
    "AmbientLight": 21.551724137931032
  },
  "2015-10-5-23-32": {
    "Temperature": 18.98,
    "Humidity": 77.140625,
    "Pressure": 1026.7360952162967,
    "UV": 0.02577319587628866,
    "AmbientLight": 21.551724137931032
  },
  "2015-10-5-23-33": {
    "Temperature": 18.96,
    "Humidity": 77.078125,
    "Pressure": 1026.7885862516214,
    "UV": 0.0,
    "AmbientLight": 0.0
  },
  "2015-10-5-23-34": {
    "Temperature": 18.9,
    "Humidity": 77.140625,
    "Pressure": 1026.8148317692835,
    "UV": 0.0,
    "AmbientLight": 0.0
  },
  "2015-10-5-23-35": {
    "Temperature": 18.86,
    "Humidity": 77.171875,
    "Pressure": 1026.7623407339588,
    "UV": 0.0,
    "AmbientLight": 21.551724137931032
  },
  "2015-10-5-23-36": {
    "Temperature": 18.78,
    "Humidity": 77.203125,
    "Pressure": 1026.8148317692835,
    "UV": 0.02577319587628866,
    "AmbientLight": 21.551724137931032
  },
  "2015-10-5-23-37": {
    "Temperature": 18.7,
    "Humidity": 77.203125,
    "Pressure": 1026.7623407339588,
    "UV": 0.05154639175257732,
    "AmbientLight": 21.551724137931032
  },
  "2015-10-5-23-38": {
    "Temperature": 18.68,
    "Humidity": 77.265625,
    "Pressure": 1026.7623407339588,
    "UV": 0.0,
    "AmbientLight": 0.0
  },
  "2015-10-5-23-39": {
    "Temperature": 18.58,
    "Humidity": 77.265625,
    "Pressure": 1026.7885862516214,
    "UV": 0.02577319587628866,
    "AmbientLight": 43.103448275862064
  },
  "2015-10-5-23-40": {
    "Temperature": 18.54,
    "Humidity": 77.203125,
    "Pressure": 1026.7885862516214,
    "UV": 0.02577319587628866,
    "AmbientLight": 64.6551724137931
  },
  "2015-10-5-23-41": {
    "Temperature": 18.48,
    "Humidity": 77.3125,
    "Pressure": 1026.7098496986343,
    "UV": 0.05154639175257732,
    "AmbientLight": 43.103448275862064
  },
  "2015-10-5-23-42": {
    "Temperature": 18.38,
    "Humidity": 77.25,
    "Pressure": 1026.7623407339588,
    "UV": 0.02577319587628866,
    "AmbientLight": 21.551724137931032
  },
  "2015-10-5-23-43": {
    "Temperature": 18.36,
    "Humidity": 77.34375,
    "Pressure": 1026.7623407339588,
    "UV": 0.0,
    "AmbientLight": 0.0
  },
  "2015-10-5-23-44": {
    "Temperature": 18.28,
    "Humidity": 77.375,
    "Pressure": 1026.7360952162967,
    "UV": 0.05154639175257732,
    "AmbientLight": 21.551724137931032
  },
  "2015-10-5-23-45": {
    "Temperature": 18.2,
    "Humidity": 77.421875,
    "Pressure": 1026.7623407339588,
    "UV": 0.0,
    "AmbientLight": 0.0
  },
  "2015-10-5-23-46": {
    "Temperature": 18.14,
    "Humidity": 77.453125,
    "Pressure": 1026.7623407339588,
    "UV": 0.0,
    "AmbientLight": 0.0
  },
  "2015-10-5-23-47": {
    "Temperature": 18.1,
    "Humidity": 77.4375,