{
  "2015-10-5-22-18": {
    "Temperature": 22.46,
    "Humidity": 74.421875,
    "Pressure": 1027.1691462577248,
    "UV": 0.02577319587628866,
    "AmbientLight": 86.20689655172413
  },
  "2015-10-5-22-19": {
    "Temperature": 22.46,
    "Humidity": 74.40625,
    "Pressure": 1027.182269016556,
    "UV": 0.0,
    "AmbientLight": 107.75862068965516
  },
  "2015-10-5-22-20": {
    "Temperature": 22.42,
    "Humidity": 74.484375,
    "Pressure": 1027.182269016556,
    "UV": 0.02577319587628866,
    "AmbientLight": 43.103448275862064
  },
  "2015-10-5-22-21": {
    "Temperature": 22.4,
    "Humidity": 74.53125,
    "Pressure": 1027.182269016556,
    "UV": 0.02577319587628866,
    "AmbientLight": 86.20689655172413
  },
  "2015-10-5-22-22": {
    "Temperature": 22.4,
    "Humidity": 74.65625,
    "Pressure": 1027.1691462577248,
    "UV": 0.0,
    "AmbientLight": 64.6551724137931
  },
  "2015-10-5-22-23": {
    "Temperature": 22.32,
    "Humidity": 74.625,
    "Pressure": 1027.1166552224004,
    "UV": 0.0,
    "AmbientLight": 64.6551724137931
  },
  "2015-10-5-22-24": {
    "Temperature": 22.28,
    "Humidity": 74.59375,
    "Pressure": 1027.1429007400625,
    "UV": 0.05154639175257732,
    "AmbientLight": 64.6551724137931
  },
  "2015-10-5-22-25": {
    "Temperature": 22.26,
    "Humidity": 74.625,
    "Pressure": 1027.1166552224004,
    "UV": 0.0,
    "AmbientLight": 43.103448275862064
  },
  "2015-10-5-22-26": {
    "Temperature": 22.22,
    "Humidity": 74.53125,
    "Pressure": 1027.1691462577248,
    "UV": 0.0,
    "AmbientLight": 21.551724137931032
  },
  "2015-10-5-22-27": {
    "Temperature": 22.16,
    "Humidity": 74.578125,
    "Pressure": 1027.1429007400625,
    "UV": 0.05154639175257732,
    "AmbientLight": 43.103448275862064
  },
  "2015-10-5-22-28": {
    "Temperature": 22.14,
    "Humidity": 74.609375,
    "Pressure": 1027.1166552224004,
    "UV": 0.0,
    "AmbientLight": 86.20689655172413
  },
  "2015-10-5-22-29": {
    "Temperature": 22.1,
    "Humidity": 74.640625,
    "Pressure": 1027.0904097047378,
    "UV": 0.02577319587628866,
    "AmbientLight": 21.551724137931032
  },
  "2015-10-5-22-30": {
    "Temperature": 22.04,
    "Humidity": 74.625,
    "Pressure": 1027.1166552224004,
    "UV": 0.0,
    "AmbientLight": 64.6551724137931
  },
  "2015-10-5-22-31": {
    "Temperature": 22.0,
    "Humidity": 74.65625,
    "Pressure": 1027.1691462577248,
    "UV": 0.05154639175257732,
    "AmbientLight": 0.0
  },
  "2015-10-5-22-32": {
    "Temperature": 21.94,
    "Humidity": 74.71875,
    "Pressure": 1027.0904097047378,
    "UV": 0.02577319587628866,
    "AmbientLight": 0.0
  },
  "2015-10-5-22-33": {
    "Temperature": 21.9,
    "Humidity": 74.734375,
    "Pressure": 1027.1429007400625,
    "UV": 0.02577319587628866,
    "AmbientLight": 43.103448275862064
  },
  "2015-10-5-22-34": {
    "Temperature": 21.82,
    "Humidity": 74.71875,
    "Pressure": 1027.1429007400625,
    "UV": 0.05154639175257732,
    "AmbientLight": 43.103448275862064
  },
  "2015-10-5-22-35": {
    "Temperature": 21.76,
    "Humidity": 74.765625,
    "Pressure": 1027.1166552224004,
    "UV": 0.05154639175257732,
    "AmbientLight": 0.0
  },
  "2015-10-5-22-36": {
    "Temperature": 21.74,
    "Humidity": 74.78125,
    "Pressure": 1027.1691462577248,
    "UV": 0.02577319587628866,
    "AmbientLight": 21.551724137931032
  },
  "2015-10-5-22-37": {
    "Temperature": 21.68,
    "Humidity": 74.75,
    "Pressure": 1027.0904097047378,
    "UV": 0.0,
    "AmbientLight": 0.0
  },
  "2015-10-5-22-38": {
    "Temperature": 21.62,
    "Humidity": 74.828125,
    "Pressure": 1027.1166552224004,
    "UV": 0.02577319587628866,
    "AmbientLight": 21.551724137931032
  },
  "2015-10-5-22-39": {
    "Temperature": 21.56,
    "Humidity": 74.84375,
    "Pressure": 1027.1429007400625,
    "UV": 0.05154639175257732,
    "AmbientLight": 21.551724137931032
  },
  "2015-10-5-22-40": {
    "Temperature": 21.5,
    "Humidity": 74.828125,
    "Pressure": 1027.0904097047378,
    "UV": 0.0,
    "AmbientLight": 43.103448275862064
  },
  "2015-10-5-22-41": {
    "Temperature": 21.46,
    "Humidity": 74.828125,
    "Pressure": 1027.1691462577248,
    "UV": 0.0,
    "AmbientLight": 0.0
  },
  "2015-10-5-22-42": {
    "Temperature": 21.42,
    "Humidity": 74.953125,
    "Pressure": 1027.1429007400625,
    "UV": 0.05154639175257732,
    "AmbientLight": 0.0
  },
  "2015-10-5-22-43": {
    "Temperature": 21.32,
    "Humidity": 74.96875,
    "Pressure": 1027.1166552224004,
    "UV": 0.0,
    "AmbientLight": 43.103448275862064
  },
  "2015-10-5-22-44": {
    "Temperature": 21.3,
    "Humidity": 75.03125,
    "Pressure": 1027.1166552224004,
    "UV": 0.0,
    "AmbientLight": 64.6551724137931
  },
  "2015-10-5-22-45": {
    "Temperature": 21.24,
    "Humidity": 75.015625,
    "Pressure": 1027.0904097047378,
    "UV": 0.07731958762886597,
    "AmbientLight": 43.103448275862064
  },
  "2015-10-5-22-46": {
    "Temperature": 21.22,
    "Humidity": 75.09375,
    "Pressure": 1027.1429007400625,
    "UV": 0.05154639175257732,
    "AmbientLight": 21.551724137931032
  },
  "2015-10-5-22-47": {
    "Temperature": 21.14,
    "Humidity": 75.125,
    "Pressure": 1027.0379186694133,
    "UV": 0.0,
    "AmbientLight": 64.6551724137931
  },
  "2015-10-5-22-48": {
    "Temperature": 21.1,
    "Humidity": 75.125,
    "Pressure": 1027.1166552224004,
    "UV": 0.02577319587628866,
    "AmbientLight": 64.6551724137931
  },
  "2015-10-5-22-49": {
    "Temperature": 21.02,
    "Humidity": 75.140625,
    "Pressure": 1027.1166552224004,
    "UV": 0.0,
    "AmbientLight": 86.20689655172413
  },
  "2015-10-5-22-50": {
    "Temperature": 21.0,
    "Humidity": 75.09375,
    "Pressure": 1027.0904097047378,
    "UV": 0.0,
    "AmbientLight": 43.103448275862064
  },
  "2015-10-5-22-51": {
    "Temperature": 20.9,
    "Humidity": 74.9375,
    "Pressure": 1027.1691462577248,
    "UV": 0.0,
    "AmbientLight": 43.103448275862064
  },
  "2015-10-5-22-52": {
    "Temperature": 20.86,
    "Humidity": 74.8125,
    "Pressure": 1027.0904097047378,
    "UV": 0.0,
    "AmbientLight": 64.6551724137931
  },
  "2015-10-5-22-53": {
    "Temperature": 20.78,
    "Humidity": 74.84375,
    "Pressure": 1027.0379186694133,
    "UV": 0.0,
    "AmbientLight": 107.75862068965516
  },
  "2015-10-5-22-54": {
    "Temperature": 20.72,
    "Humidity": 74.703125,
    "Pressure": 1027.0641641870757,
    "UV": 0.0,
    "AmbientLight": 21.551724137931032
  },
  "2015-10-5-22-55": {
    "Temperature": 20.66,
    "Humidity": 74.84375,
    "Pressure": 1027.0904097047378,
    "UV": 0.02577319587628866,
    "AmbientLight": 64.6551724137931
  },
  "2015-10-5-22-56": {
    "Temperature": 20.62,
    "Humidity": 74.8125,
    "Pressure": 1027.0641641870757,
    "UV": 0.0,
    "AmbientLight": 43.103448275862064
  },
  "2015-10-5-22-57": {
    "Temperature": 20.58,
    "Humidity": 74.9375,
    "Pressure": 1027.0379186694133,
    "UV": 0.05154639175257732,
    "AmbientLight": 0.0
  },
  "2015-10-5-22-58": {
    "Temperature": 20.52,
    "Humidity": 75.0,
    "Pressure": 1027.0641641870757,
    "UV": 0.0,
    "AmbientLight": 64.6551724137931
  },
  "2015-10-5-22-59": {
    "Temperature": 20.46,
    "Humidity": 75.125,
    "Pressure": 1027.0379186694133,
    "UV": 0.0,
    "AmbientLight": 64.6551724137931
  }
}