{
  "2021-12-2-15-0": {
    "Temperature": 21.78,
    "Humidity": 75.921875,
    "Pressure": 1015.5030136568246,
    "UV": 0.0,
    "AmbientLight": 43.103448275862064
  },
  "2021-12-2-15-1": {
    "Temperature": 21.76,
    "Humidity": 75.984375,
    "Pressure": 1015.5161364156558,
    "UV": 0.02577319587628866,
    "AmbientLight": 21.551724137931032
  },
  "2021-12-2-15-2": {
    "Temperature": 21.76,
    "Humidity": 75.953125,
    "Pressure": 1015.5423819333181,
    "UV": 0.02577319587628866,
    "AmbientLight": 0.0
  },
  "2021-12-2-15-3": {
    "Temperature": 21.74,
    "Humidity": 76.03125,
    "Pressure": 1015.5948729686427,
    "UV": 0.0,
    "AmbientLight": 0.0
  },
  "2021-12-2-15-4": {
    "Temperature": 21.74,
    "Humidity": 76.015625,
    "Pressure": 1015.5948729686427,
    "UV": 0.02577319587628866,
    "AmbientLight": 21.551724137931032
  },
  "2021-12-2-15-5": {
    "Temperature": 21.68,
    "Humidity": 76.125,
    "Pressure": 1015.621118486305,
    "UV": 0.05154639175257732,
    "AmbientLight": 43.103448275862064
  },
  "2021-12-2-15-6": {
    "Temperature": 21.66,
    "Humidity": 76.171875,
    "Pressure": 1015.621118486305,
    "UV": 0.0,
    "AmbientLight": 0.0
  },
  "2021-12-2-15-7": {
    "Temperature": 21.64,
    "Humidity": 76.15625,
    "Pressure": 1015.621118486305,
    "UV": 0.0,
    "AmbientLight": 21.551724137931032
  },
  "2021-12-2-15-8": {
    "Temperature": 21.6,
    "Humidity": 76.171875,
    "Pressure": 1015.6736095216297,
    "UV": 0.0,
    "AmbientLight": 0.0
  },
  "2021-12-2-15-9": {
    "Temperature": 21.62,
    "Humidity": 76.171875,
    "Pressure": 1015.6473640039674,
    "UV": 0.0,
    "AmbientLight": 43.103448275862064
  },
  "2021-12-2-15-10": {
    "Temperature": 21.58,
    "Humidity": 76.21875,
    "Pressure": 1015.6736095216297,
    "UV": 0.02577319587628866,
    "AmbientLight": 21.551724137931032
  },
  "2021-12-2-15-11": {
    "Temperature": 21.56,
    "Humidity": 76.203125,
    "Pressure": 1015.6736095216297,
    "UV": 0.0,
    "AmbientLight": 21.551724137931032
  },
  "2021-12-2-15-12": {
    "Temperature": 21.5,
    "Humidity": 76.265625,
    "Pressure": 1015.6473640039674,
    "UV": 0.0,
    "AmbientLight": 64.6551724137931
  },
  "2021-12-2-15-13": {
    "Temperature": 21.48,
    "Humidity": 76.296875,
    "Pressure": 1015.6473640039674,
    "UV": 0.0,
    "AmbientLight": 0.0
  },
  "2021-12-2-15-14": {
    "Temperature": 21.46,
    "Humidity": 76.296875,
    "Pressure": 1015.7261005569543,
    "UV": 0.05154639175257732,
    "AmbientLight": 64.6551724137931
  },
  "2021-12-2-15-15": {
    "Temperature": 21.4,
    "Humidity": 76.296875,
    "Pressure": 1015.699855039292,
    "UV": 0.02577319587628866,
    "AmbientLight": 43.103448275862064
  },
  "2021-12-2-15-16": {
    "Temperature": 21.38,
    "Humidity": 76.34375,
    "Pressure": 1015.7523460746166,
    "UV": 0.0,
    "AmbientLight": 0.0
  },
  "2021-12-2-15-17": {
    "Temperature": 21.34,
    "Humidity": 76.359375,
    "Pressure": 1015.7523460746166,
    "UV": 0.0,
    "AmbientLight": 0.0
  },
  "2021-12-2-15-18": {
    "Temperature": 21.3,
    "Humidity": 76.359375,
    "Pressure": 1015.7523460746166,
    "UV": 0.02577319587628866,
    "AmbientLight": 0.0
  },
  "2021-12-2-15-19": {
    "Temperature": 21.28,
    "Humidity": 76.40625,
    "Pressure": 1015.7523460746166,
    "UV": 0.0,
    "AmbientLight": 21.551724137931032
  },
  "2021-12-2-15-20": {
    "Temperature": 21.22,
    "Humidity": 76.484375,
    "Pressure": 1015.7523460746166,
    "UV": 0.02577319587628866,
    "AmbientLight": 21.551724137931032
  },
  "2021-12-2-15-21": {
    "Temperature": 21.2,
    "Humidity": 76.453125,
    "Pressure": 1015.8179598687724,
    "UV": 0.02577319587628866,
    "AmbientLight": 21.551724137931032
  },
  "2021-12-2-15-22": {
    "Temperature": 21.16,
    "Humidity": 76.453125,
    "Pressure": 1015.79171435111,
    "UV": 0.02577319587628866,
    "AmbientLight": 21.551724137931032
  },
  "2021-12-2-15-23": {
    "Temperature": 21.12,
    "Humidity": 76.4375,
    "Pressure": 1015.8966964217593,
    "UV": 0.0,
    "AmbientLight": 0.0
  },
  "2021-12-2-15-24": {
    "Temperature": 21.06,
    "Humidity": 76.53125,
    "Pressure": 1015.8704509040971,
    "UV": 0.0,
    "AmbientLight": 21.551724137931032
  },
  "2021-12-2-15-25": {
    "Temperature": 21.0,
    "Humidity": 76.53125,
    "Pressure": 1015.949187457084,
    "UV": 0.02577319587628866,
    "AmbientLight": 0.0
  },
  "2021-12-2-15-26": {
    "Temperature": 20.94,
    "Humidity": 76.5625,
    "Pressure": 1015.9754329747464,
    "UV": 0.02577319587628866,
    "AmbientLight": 0.0
  },
  "2021-12-2-15-27": {
    "Temperature": 20.9,
    "Humidity": 76.59375,
    "Pressure": 1015.949187457084,
    "UV": 0.0,
    "AmbientLight": 43.103448275862064
  },
  "2021-12-2-15-28": {
    "Temperature": 20.84,
    "Humidity": 76.578125,
    "Pressure": 1015.9229419394217,
    "UV": 0.0,
    "AmbientLight": 0.0
  },
  "2021-12-2-15-29": {
    "Temperature": 20.76,
    "Humidity": 76.609375,
    "Pressure": 1015.949187457084,
    "UV": 0.0,
    "AmbientLight": 0.0
  },
  "2021-12-2-15-30": {
    "Temperature": 20.72,
    "Humidity": 76.703125,
    "Pressure": 1015.9229419394217,
    "UV": 0.0,
    "AmbientLight": 0.0
  },
  "2021-12-2-15-31": {
    "Temperature": 20.68,
    "Humidity": 76.65625,
    "Pressure": 1016.0016784924086,
    "UV": 0.0,
    "AmbientLight": 0.0
  },
  "2021-12-2-15-32": {
    "Temperature": 20.64,
    "Humidity": 76.703125,
    "Pressure": 1015.949187457084,
    "UV": 0.0,
    "AmbientLight": 0.0
  },
  "2021-12-2-15-33": {
    "Temperature": 20.56,
    "Humidity": 76.765625,
    "Pressure": 1015.949187457084,
    "UV": 0.02577319587628866,
    "AmbientLight": 0.0
  },
  "2021-12-2-15-34": {
    "Temperature": 20.5,
    "Humidity": 76.765625,
    "Pressure": 1015.949187457084,
    "UV": 0.02577319587628866,
    "AmbientLight": 0.0
  },
  "2021-12-2-15-35": {
    "Temperature": 20.46,
    "Humidity": 76.78125,
    "Pressure": 1015.949187457084,
    "UV": 0.0,
    "AmbientLight": 0.0
  },
  "2021-12-2-15-36": {
    "Temperature": 20.4,
    "Humidity": 76.84375,
    "Pressure": 1015.949187457084,
    "UV": 0.0,
    "AmbientLight": 0.0
  },
  "2021-12-2-15-37": {
    "Temperature": 20.32,
    "Humidity": 76.890625,
    "Pressure": 1015.949187457084,
    "UV": 0.0,
    "AmbientLight": 0.0
  },
  "2021-12-2-15-38": {
    "Temperature": 20.26,
    "Humidity": 76.828125,
    "Pressure": 1015.949187457084,
    "UV": 0.0,
    "AmbientLight": 21.551724137931032
  },
  "2021-12-2-15-39": {
    "Temperature": 20.16,
    "Humidity": 76.921875,
    "Pressure": 1015.9754329747464,
    "UV": 0.0,
    "AmbientLight": 0.0
  },
  "2021-12-2-15-40": {
    "Temperature": 20.12,
    "Humidity": 76.921875,
    "Pressure": 1016.0016784924086,
    "UV": 0.0,
    "AmbientLight": 0.0
  },
  "2021-12-2-15-41": {
    "Temperature": 20.06,
    "Humidity": 76.953125,
    "Pressure": 1015.9754329747464,
    "UV": 0.05154639175257732,
    "AmbientLight": 0.0
  },
  "2021-12-2-15-42": {
    "Temperature": 19.98,
    "Humidity": 77.03125,
    "Pressure": 1016.0279240100709,
    "UV": 0.02577319587628866,
    "AmbientLight": 0.0
  },
  "2021-12-2-15-43": {
    "Temperature": 19.9,
    "Humidity": 77.046875,
    "Pressure": 1016.0279240100709,
    "UV": 0.0,
    "AmbientLight": 0.0
  },
  "2021-12-2-15-44": {
    "Temperature": 19.86,
    "Humidity": 77.09375,
    "Pressure": 1016.0410467689021,
    "UV": 0.0,
    "AmbientLight": 21.551724137931032
  },
  "2021-12-2-15-45": {
    "Temperature": 19.8,
    "Humidity": 77.09375,
    "Pressure": 1016.0016784924086,
    "UV": 0.07731958762886597,
    "AmbientLight": 0.0
  },
  "2021-12-2-15-46": {
    "Temperature": 19.7,
    "Humidity": 77.09375,
    "Pressure": 1016.0410467689021,
    "UV": 0.0,
    "AmbientLight": 21.551724137931032
  },
  "2021-12-2-15-47": {
    "Temperature": 19.62,
    "Humidity": 77.125,
    "Pressure": 1016.0016784924086,
    "UV": 0.0,