{
  "2021-12-1-0-14": {
    "Temperature": 17.1,
    "Humidity": 82.265625,
    "Pressure": 1010.0177004654001,
    "UV": 0.0,
    "AmbientLight": 0.0
  },
  "2021-12-1-0-15": {
    "Temperature": 17.1,
    "Humidity": 82.3125,
    "Pressure": 1009.9652094300756,
    "UV": 0.0,
    "AmbientLight": 0.0
  },
  "2021-12-1-0-16": {
    "Temperature": 17.12,
    "Humidity": 82.359375,
    "Pressure": 1010.0177004654001,
    "UV": 0.0,
    "AmbientLight": 43.103448275862064
  },
  "2021-12-1-0-17": {
    "Temperature": 17.14,
    "Humidity": 82.390625,
    "Pressure": 1010.083314259556,
    "UV": 0.0,
    "AmbientLight": 0.0
  },
  "2021-12-1-0-18": {
    "Temperature": 17.2,
    "Humidity": 82.40625,
    "Pressure": 1010.1095597772182,
    "UV": 0.0,
    "AmbientLight": 0.0
  },
  "2021-12-1-0-19": {
    "Temperature": 17.22,
    "Humidity": 82.484375,
    "Pressure": 1010.1620508125429,
    "UV": 0.0,
    "AmbientLight": 0.0
  },
  "2021-12-1-0-20": {
    "Temperature": 17.28,
    "Humidity": 82.484375,
    "Pressure": 1010.1095597772182,
    "UV": 0.05154639175257732,
    "AmbientLight": 0.0
  },
  "2021-12-1-0-21": {
    "Temperature": 17.36,
    "Humidity": 82.46875,
    "Pressure": 1010.1358052948806,
    "UV": 0.02577319587628866,
    "AmbientLight": 0.0
  },
  "2021-12-1-0-22": {
    "Temperature": 17.38,
    "Humidity": 82.34375,
    "Pressure": 1010.0570687418937,
    "UV": 0.0,
    "AmbientLight": 0.0
  },
  "2021-12-1-0-23": {
    "Temperature": 17.4,
    "Humidity": 82.34375,
    "Pressure": 1010.0439459830625,
    "UV": 0.0,
    "AmbientLight": 0.0
  },
  "2021-12-1-0-24": {
    "Temperature": 17.4,
    "Humidity": 82.25,
    "Pressure": 1009.9389639124132,
    "UV": 0.0,
    "AmbientLight": 0.0
  },
  "2021-12-1-0-25": {
    "Temperature": 17.38,
    "Humidity": 82.171875,
    "Pressure": 1009.8602273594263,
    "UV": 0.0,
    "AmbientLight": 0.0
  },
  "2021-12-1-0-26": {
    "Temperature": 17.34,
    "Humidity": 82.1875,
    "Pressure": 1009.833981841764,
    "UV": 0.0,
    "AmbientLight": 43.103448275862064
  },
  "2021-12-1-0-27": {
    "Temperature": 17.3,
    "Humidity": 82.125,
    "Pressure": 1009.7814908064393,
    "UV": 0.02577319587628866,
    "AmbientLight": 0.0
  },
  "2021-12-1-0-28": {
    "Temperature": 17.28,
    "Humidity": 82.078125,
    "Pressure": 1009.7421225299458,
    "UV": 0.02577319587628866,
    "AmbientLight": 21.551724137931032
  },
  "2021-12-1-0-29": {
    "Temperature": 17.22,
    "Humidity": 82.15625,
    "Pressure": 1009.6633859769589,
    "UV": 0.0,
    "AmbientLight": 0.0
  },
  "2021-12-1-0-30": {
    "Temperature": 17.18,
    "Humidity": 82.171875,
    "Pressure": 1009.4796673533226,
    "UV": 0.02577319587628866,
    "AmbientLight": 0.0
  },
  "2021-12-1-0-31": {
    "Temperature": 17.16,
    "Humidity": 82.203125,
    "Pressure": 1009.4665445944914,
    "UV": 0.0,
    "AmbientLight": 0.0
  },
  "2021-12-1-0-32": {
    "Temperature": 17.12,
    "Humidity": 82.234375,
    "Pressure": 1009.4665445944914,
    "UV": 0.0,
    "AmbientLight": 0.0
  },
  "2021-12-1-0-33": {
    "Temperature": 17.12,
    "Humidity": 82.28125,
    "Pressure": 1009.3746852826733,
    "UV": 0.02577319587628866,
    "AmbientLight": 0.0
  },
  "2021-12-1-0-34": {
    "Temperature": 17.14,
    "Humidity": 82.375,
    "Pressure": 1009.177843900206,
    "UV": 0.02577319587628866,
    "AmbientLight": 0.0
  },
  "2021-12-1-0-35": {
    "Temperature": 17.14,
    "Humidity": 82.5,
    "Pressure": 1009.0203707942321,
    "UV": 0.0,
    "AmbientLight": 0.0
  },
  "2021-12-1-0-36": {
    "Temperature": 17.16,
    "Humidity": 82.46875,
    "Pressure": 1008.9022659647517,
    "UV": 0.0,
    "AmbientLight": 21.551724137931032
  },
  "2021-12-1-0-37": {
    "Temperature": 17.24,
    "Humidity": 82.578125,
    "Pressure": 1008.8235294117648,
    "UV": 0.02577319587628866,
    "AmbientLight": 0.0
  },
  "2021-12-1-0-38": {
    "Temperature": 17.28,
    "Humidity": 82.515625,
    "Pressure": 1008.6923018234531,
    "UV": 0.0,
    "AmbientLight": 0.0
  },
  "2021-12-1-0-39": {
    "Temperature": 17.38,
    "Humidity": 82.453125,
    "Pressure": 1008.5741969939727,
    "UV": 0.0,
    "AmbientLight": 0.0
  },
  "2021-12-1-0-40": {
    "Temperature": 17.38,
    "Humidity": 82.40625,
    "Pressure": 1008.5479514763103,
    "UV": 0.0,
    "AmbientLight": 21.551724137931032
  },
  "2021-12-1-0-41": {
    "Temperature": 17.4,
    "Humidity": 82.359375,
    "Pressure": 1008.4429694056611,
    "UV": 0.0,
    "AmbientLight": 21.551724137931032
  },
  "2021-12-1-0-42": {
    "Temperature": 17.38,
    "Humidity": 82.375,
    "Pressure": 1008.3248645761806,
    "UV": 0.0,
    "AmbientLight": 0.0
  },
  "2021-12-1-0-43": {
    "Temperature": 17.42,
    "Humidity": 82.296875,
    "Pressure": 1008.2461280231937,
    "UV": 0.0,
    "AmbientLight": 0.0
  },
  "2021-12-1-0-44": {
    "Temperature": 17.4,
    "Humidity": 82.265625,
    "Pressure": 1008.1936369878691,
    "UV": 0.02577319587628866,
    "AmbientLight": 0.0
  },
  "2021-12-1-0-45": {
    "Temperature": 17.36,
    "Humidity": 82.265625,
    "Pressure": 1008.1936369878691,
    "UV": 0.0,
    "AmbientLight": 21.551724137931032
  },
  "2021-12-1-0-46": {
    "Temperature": 17.3,
    "Humidity": 82.15625,
    "Pressure": 1008.1673914702068,
    "UV": 0.0,
    "AmbientLight": 21.551724137931032
  },
  "2021-12-1-0-47": {
    "Temperature": 17.24,
    "Humidity": 82.15625,
    "Pressure": 1008.3248645761806,
    "UV": 0.02577319587628866,
    "AmbientLight": 0.0
  },
  "2021-12-1-0-48": {
    "Temperature": 17.22,
    "Humidity": 82.25,
    "Pressure": 1008.3248645761806,
    "UV": 0.0,
    "AmbientLight": 0.0
  },
  "2021-12-1-0-49": {
    "Temperature": 17.2,
    "Humidity": 82.234375,
    "Pressure": 1008.4167238879987,
    "UV": 0.0,
    "AmbientLight": 21.551724137931032
  },
  "2021-12-1-0-50": {
    "Temperature": 17.18,
    "Humidity": 82.265625,
    "Pressure": 1008.2986190585184,
    "UV": 0.0,
    "AmbientLight": 64.6551724137931
  },
  "2021-12-1-0-51": {
    "Temperature": 17.16,
    "Humidity": 82.3125,
    "Pressure": 1008.3642328526741,
    "UV": 0.02577319587628866,
    "AmbientLight": 0.0
  },
  "2021-12-1-0-52": {
    "Temperature": 17.18,
    "Humidity": 82.453125,
    "Pressure": 1008.4167238879987,
    "UV": 0.0,
    "AmbientLight": 0.0
  },
  "2021-12-1-0-53": {
    "Temperature": 17.2,
    "Humidity": 82.5,
    "Pressure": 1008.6266880292973,
    "UV": 0.0,
    "AmbientLight": 0.0
  },
  "2021-12-1-0-54": {
    "Temperature": 17.28,
    "Humidity": 82.5,
    "Pressure": 1008.7447928587777,
    "UV": 0.05154639175257732,
    "AmbientLight": 21.551724137931032
  },
  "2021-12-1-0-55": {
    "Temperature": 17.36,
    "Humidity": 82.515625,
    "Pressure": 1008.7710383764401,
    "UV": 0.02577319587628866,
    "AmbientLight": 0.0
  },
  "2021-12-1-0-56": {
    "Temperature": 17.44,
    "Humidity": 82.53125,
    "Pressure": 1008.849774929427,
    "UV": 0.0,
    "AmbientLight": 0.0
  },
  "2021-12-1-0-57": {
    "Temperature": 17.44,
    "Humidity": 82.390625,
    "Pressure": 1008.8760204470893,
    "UV": 0.0,
    "AmbientLight": 0.0
  },
  "2021-12-1-0-58": {
    "Temperature": 17.48,
    "Humidity": 82.4375,
    "Pressure": 1008.9022659647517,
    "UV": 0.0,
    "AmbientLight": 0.0
  },
  "2021-12-1-0-59": {
    "Temperature": 17.46,
    "Humidity": 82.296875,
    "Pressure": 1008.8760204470893,
    "UV": 0.0,
    "AmbientLight": 0.0
  }
}