{
  "2021-12-2-16-0": {
    "Temperature": 19.74,
    "Humidity": 75.109375,
    "Pressure": 1016.277256427863,
    "UV": 0.02577319587628866,
    "AmbientLight": 129.3103448275862
  },
  "2021-12-2-16-1": {
    "Temperature": 19.62,
    "Humidity": 75.15625,
    "Pressure": 1016.2510109102006,
    "UV": 0.05154639175257732,
    "AmbientLight": 107.75862068965516
  },
  "2021-12-2-16-2": {
    "Temperature": 19.52,
    "Humidity": 75.25,
    "Pressure": 1016.2247653925383,
    "UV": 0.07731958762886597,
    "AmbientLight": 43.103448275862064
  },
  "2021-12-2-16-3": {
    "Temperature": 19.38,
    "Humidity": 75.359375,
    "Pressure": 1016.277256427863,
    "UV": 0.0,
    "AmbientLight": 64.6551724137931
  },
  "2021-12-2-16-4": {
    "Temperature": 19.24,
    "Humidity": 75.40625,
    "Pressure": 1016.3297474631876,
    "UV": 0.02577319587628866,
    "AmbientLight": 43.103448275862064
  },
  "2021-12-2-16-5": {
    "Temperature": 19.18,
    "Humidity": 75.6875,
    "Pressure": 1016.3559929808499,
    "UV": 0.02577319587628866,
    "AmbientLight": 86.20689655172413
  },
  "2021-12-2-16-6": {
    "Temperature": 19.18,
    "Humidity": 75.828125,
    "Pressure": 1016.277256427863,
    "UV": 0.07731958762886597,
    "AmbientLight": 64.6551724137931
  },
  "2021-12-2-16-7": {
    "Temperature": 19.16,
    "Humidity": 76.125,
    "Pressure": 1016.3559929808499,
    "UV": 0.02577319587628866,
    "AmbientLight": 86.20689655172413
  },
  "2021-12-2-16-8": {
    "Temperature": 19.26,
    "Humidity": 76.359375,
    "Pressure": 1016.3822384985123,
    "UV": 0.02577319587628866,
    "AmbientLight": 64.6551724137931
  },
  "2021-12-2-16-9": {
    "Temperature": 19.32,
    "Humidity": 76.578125,
    "Pressure": 1016.3822384985123,
    "UV": 0.07731958762886597,
    "AmbientLight": 86.20689655172413
  },
  "2021-12-2-16-10": {
    "Temperature": 19.34,
    "Humidity": 76.5625,
    "Pressure": 1016.4084840161746,
    "UV": 0.05154639175257732,
    "AmbientLight": 107.75862068965516
  },
  "2021-12-2-16-11": {
    "Temperature": 19.24,
    "Humidity": 76.46875,
    "Pressure": 1016.3822384985123,
    "UV": 0.0,
    "AmbientLight": 64.6551724137931
  },
  "2021-12-2-16-12": {
    "Temperature": 19.1,
    "Humidity": 76.515625,
    "Pressure": 1016.4609750514992,
    "UV": 0.0,
    "AmbientLight": 86.20689655172413
  },
  "2021-12-2-16-13": {
    "Temperature": 18.98,
    "Humidity": 76.65625,
    "Pressure": 1016.4347295338368,
    "UV": 0.02577319587628866,
    "AmbientLight": 64.6551724137931
  },
  "2021-12-2-16-14": {
    "Temperature": 18.82,
    "Humidity": 76.8125,
    "Pressure": 1016.4872205691615,
    "UV": 0.05154639175257732,
    "AmbientLight": 64.6551724137931
  },
  "2021-12-2-16-15": {
    "Temperature": 18.72,
    "Humidity": 76.90625,
    "Pressure": 1016.4609750514992,
    "UV": 0.02577319587628866,
    "AmbientLight": 43.103448275862064
  },
  "2021-12-2-16-16": {
    "Temperature": 18.6,
    "Humidity": 77.03125,
    "Pressure": 1016.4347295338368,
    "UV": 0.05154639175257732,
    "AmbientLight": 21.551724137931032
  },
  "2021-12-2-16-17": {
    "Temperature": 18.52,
    "Humidity": 77.375,
    "Pressure": 1016.4347295338368,
    "UV": 0.07731958762886597,
    "AmbientLight": 21.551724137931032
  },
  "2021-12-2-16-18": {
    "Temperature": 18.48,
    "Humidity": 77.515625,
    "Pressure": 1016.4872205691615,
    "UV": 0.0,
    "AmbientLight": 0.0
  },
  "2021-12-2-16-19": {
    "Temperature": 18.5,
    "Humidity": 77.8125,
    "Pressure": 1016.4872205691615,
    "UV": 0.02577319587628866,
    "AmbientLight": 43.103448275862064
  },
  "2021-12-2-16-20": {
    "Temperature": 18.52,
    "Humidity": 77.96875,
    "Pressure": 1016.4609750514992,
    "UV": 0.07731958762886597,
    "AmbientLight": 86.20689655172413
  },
  "2021-12-2-16-21": {
    "Temperature": 18.54,
    "Humidity": 77.984375,
    "Pressure": 1016.5003433279927,
    "UV": 0.05154639175257732,
    "AmbientLight": 64.6551724137931
  },
  "2021-12-2-16-22": {
    "Temperature": 18.54,
    "Humidity": 78.09375,
    "Pressure": 1016.4872205691615,
    "UV": 0.0,
    "AmbientLight": 64.6551724137931
  },
  "2021-12-2-16-23": {
    "Temperature": 18.66,
    "Humidity": 78.265625,
    "Pressure": 1016.5265888456549,
    "UV": 0.07731958762886597,
    "AmbientLight": 21.551724137931032
  },
  "2021-12-2-16-24": {
    "Temperature": 18.86,
    "Humidity": 78.46875,
    "Pressure": 1016.5003433279927,
    "UV": 0.0,
    "AmbientLight": 0.0
  },
  "2021-12-2-16-25": {
    "Temperature": 19.0,
    "Humidity": 78.3125,
    "Pressure": 1016.4609750514992,
    "UV": 0.0,
    "AmbientLight": 21.551724137931032
  },
  "2021-12-2-16-26": {
    "Temperature": 18.98,
    "Humidity": 78.28125,
    "Pressure": 1016.5265888456549,
    "UV": 0.02577319587628866,
    "AmbientLight": 21.551724137931032
  },
  "2021-12-2-16-27": {
    "Temperature": 18.86,
    "Humidity": 78.03125,
    "Pressure": 1016.5003433279927,
    "UV": 0.05154639175257732,
    "AmbientLight": 0.0
  },
  "2021-12-2-16-28": {
    "Temperature": 18.72,
    "Humidity": 78.125,
    "Pressure": 1016.5003433279927,
    "UV": 0.05154639175257732,
    "AmbientLight": 43.103448275862064
  },
  "2021-12-2-16-29": {
    "Temperature": 18.56,
    "Humidity": 78.0,
    "Pressure": 1016.4872205691615,
    "UV": 0.02577319587628866,
    "AmbientLight": 21.551724137931032
  },
  "2021-12-2-16-30": {
    "Temperature": 18.44,
    "Humidity": 78.15625,
    "Pressure": 1016.4872205691615,
    "UV": 0.0,
    "AmbientLight": 64.6551724137931
  },
  "2021-12-2-16-31": {
    "Temperature": 18.26,
    "Humidity": 78.078125,
    "Pressure": 1016.4347295338368,
    "UV": 0.0,
    "AmbientLight": 21.551724137931032
  },
  "2021-12-2-16-32": {
    "Temperature": 18.14,
    "Humidity": 78.203125,
    "Pressure": 1016.3559929808499,
    "UV": 0.0,
    "AmbientLight": 21.551724137931032
  },
  "2021-12-2-16-33": {
    "Temperature": 18.04,
    "Humidity": 78.34375,
    "Pressure": 1016.3822384985123,
    "UV": 0.0,
    "AmbientLight": 0.0
  },
  "2021-12-2-16-34": {
    "Temperature": 17.94,
    "Humidity": 78.453125,
    "Pressure": 1016.4084840161746,
    "UV": 0.07731958762886597,
    "AmbientLight": 21.551724137931032
  },
  "2021-12-2-16-35": {
    "Temperature": 17.86,
    "Humidity": 78.5625,
    "Pressure": 1016.4084840161746,
    "UV": 0.05154639175257732,
    "AmbientLight": 0.0
  },
  "2021-12-2-16-36": {
    "Temperature": 17.86,
    "Humidity": 78.75,
    "Pressure": 1016.4084840161746,
    "UV": 0.05154639175257732,
    "AmbientLight": 0.0
  },
  "2021-12-2-16-37": {
    "Temperature": 17.9,
    "Humidity": 79.015625,
    "Pressure": 1016.3822384985123,
    "UV": 0.07731958762886597,
    "AmbientLight": 0.0
  },
  "2021-12-2-16-38": {
    "Temperature": 17.98,
    "Humidity": 79.25,
    "Pressure": 1016.4084840161746,
    "UV": 0.0,
    "AmbientLight": 0.0
  },
  "2021-12-2-16-39": {
    "Temperature": 18.22,
    "Humidity": 79.5,
    "Pressure": 1016.4609750514992,
    "UV": 0.02577319587628866,
    "AmbientLight": 0.0
  },
  "2021-12-2-16-40": {
    "Temperature": 18.52,
    "Humidity": 79.578125,
    "Pressure": 1016.4347295338368,
    "UV": 0.02577319587628866,
    "AmbientLight": 0.0
  },
  "2021-12-2-16-41": {
    "Temperature": 18.82,
    "Humidity": 79.484375,
    "Pressure": 1016.4609750514992,
    "UV": 0.07731958762886597,
    "AmbientLight": 43.103448275862064
  },
  "2021-12-2-16-42": {
    "Temperature": 19.0,
    "Humidity": 79.203125,
    "Pressure": 1016.4609750514992,
    "UV": 0.0,
    "AmbientLight": 0.0
  },
  "2021-12-2-16-43": {
    "Temperature": 19.14,
    "Humidity": 79.0625,
    "Pressure": 1016.4609750514992,
    "UV": 0.0,
    "AmbientLight": 21.551724137931032
  },
  "2021-12-2-16-44": {
    "Temperature": 19.18,
    "Humidity": 78.859375,
    "Pressure": 1016.4872205691615,
    "UV": 0.0,
    "AmbientLight": 0.0
  },
  "2021-12-2-16-45": {
    "Temperature": 19.18,
    "Humidity": 78.53125,