{
  "2021-12-2-14-43": {
    "Temperature": 24.54,
    "Humidity": 70.40625,
    "Pressure": 1015.5292591744869,
    "UV": 0.23195876288659792,
    "AmbientLight": 689.655172413793
  },
  "2021-12-2-14-44": {
    "Temperature": 24.52,
    "Humidity": 70.46875,
    "Pressure": 1015.5817502098115,
    "UV": 0.20618556701030927,
    "AmbientLight": 711.2068965517241
  },
  "2021-12-2-14-45": {
    "Temperature": 24.52,
    "Humidity": 70.65625,
    "Pressure": 1015.5555046921493,
    "UV": 0.20618556701030927,
    "AmbientLight": 711.2068965517241
  },
  "2021-12-2-14-46": {
    "Temperature": 24.52,
    "Humidity": 70.6875,
    "Pressure": 1015.6079957274738,
    "UV": 0.20618556701030927,
    "AmbientLight": 754.3103448275862
  },
  "2021-12-2-14-47": {
    "Temperature": 24.5,
    "Humidity": 70.765625,
    "Pressure": 1015.6079957274738,
    "UV": 0.20618556701030927,
    "AmbientLight": 711.2068965517241
  },
  "2021-12-2-14-48": {
    "Temperature": 24.5,
    "Humidity": 70.84375,
    "Pressure": 1015.6342412451362,
    "UV": 0.20618556701030927,
    "AmbientLight": 711.2068965517241
  },
  "2021-12-2-14-49": {
    "Temperature": 24.52,
    "Humidity": 70.921875,
    "Pressure": 1015.6342412451362,
    "UV": 0.1804123711340206,
    "AmbientLight": 711.2068965517241
  },
  "2021-12-2-14-50": {
    "Temperature": 24.52,
    "Humidity": 71.09375,
    "Pressure": 1015.6604867627985,
    "UV": 0.15463917525773194,
    "AmbientLight": 711.2068965517241
  },
  "2021-12-2-14-51": {
    "Temperature": 24.5,
    "Humidity": 71.015625,
    "Pressure": 1015.6079957274738,
    "UV": 0.1804123711340206,
    "AmbientLight": 732.7586206896551
  },
  "2021-12-2-14-52": {
    "Temperature": 24.52,
    "Humidity": 71.09375,
    "Pressure": 1015.5555046921493,
    "UV": 0.1804123711340206,
    "AmbientLight": 711.2068965517241
  },
  "2021-12-2-14-53": {
    "Temperature": 24.52,
    "Humidity": 71.1875,
    "Pressure": 1015.5292591744869,
    "UV": 0.23195876288659792,
    "AmbientLight": 689.655172413793
  },
  "2021-12-2-14-54": {
    "Temperature": 24.54,
    "Humidity": 71.296875,
    "Pressure": 1015.5817502098115,
    "UV": 0.1804123711340206,
    "AmbientLight": 689.655172413793
  },
  "2021-12-2-14-55": {
    "Temperature": 24.56,
    "Humidity": 71.28125,
    "Pressure": 1015.5292591744869,
    "UV": 0.23195876288659792,
    "AmbientLight": 732.7586206896551
  },
  "2021-12-2-14-56": {
    "Temperature": 24.52,
    "Humidity": 71.296875,
    "Pressure": 1015.5030136568246,
    "UV": 0.1804123711340206,
    "AmbientLight": 754.3103448275862
  },
  "2021-12-2-14-57": {
    "Temperature": 24.54,
    "Humidity": 71.34375,
    "Pressure": 1015.5555046921493,
    "UV": 0.1804123711340206,
    "AmbientLight": 754.3103448275862
  },
  "2021-12-2-14-58": {
    "Temperature": 24.56,
    "Humidity": 71.40625,
    "Pressure": 1015.5555046921493,
    "UV": 0.23195876288659792,
    "AmbientLight": 732.7586206896551
  },
  "2021-12-2-14-59": {
    "Temperature": 24.56,
    "Humidity": 71.421875,
    "Pressure": 1015.5817502098115,
    "UV": 0.25773195876288657,
    "AmbientLight": 797.4137931034483
  }
}