{
  "2021-12-2-18-2": {
    "Temperature": 18.56,
    "Humidity": 77.6875,
    "Pressure": 1017.6682688639659,
    "UV": 0.0,
    "AmbientLight": 0.0
  },
  "2021-12-2-18-3": {
    "Temperature": 18.36,
    "Humidity": 77.59375,
    "Pressure": 1017.6551461051347,
    "UV": 0.0,
    "AmbientLight": 64.6551724137931
  },
  "2021-12-2-18-4": {
    "Temperature": 18.2,
    "Humidity": 77.671875,
    "Pressure": 1017.6551461051347,
    "UV": 0.0,
    "AmbientLight": 21.551724137931032
  },
  "2021-12-2-18-5": {
    "Temperature": 18.06,
    "Humidity": 77.734375,
    "Pressure": 1017.6551461051347,
    "UV": 0.0,
    "AmbientLight": 21.551724137931032
  },
  "2021-12-2-18-6": {
    "Temperature": 17.92,
    "Humidity": 77.875,
    "Pressure": 1017.6551461051347,
    "UV": 0.02577319587628866,
    "AmbientLight": 0.0
  },
  "2021-12-2-18-7": {
    "Temperature": 17.86,
    "Humidity": 78.015625,
    "Pressure": 1017.6551461051347,
    "UV": 0.02577319587628866,
    "AmbientLight": 0.0
  },
  "2021-12-2-18-8": {
    "Temperature": 17.84,
    "Humidity": 78.203125,
    "Pressure": 1017.6682688639659,
    "UV": 0.02577319587628866,
    "AmbientLight": 0.0
  },
  "2021-12-2-18-9": {
    "Temperature": 17.88,
    "Humidity": 78.5,
    "Pressure": 1017.6551461051347,
    "UV": 0.05154639175257732,
    "AmbientLight": 0.0
  },
  "2021-12-2-18-10": {
    "Temperature": 18.0,
    "Humidity": 78.703125,
    "Pressure": 1017.6289005874723,
    "UV": 0.02577319587628866,
    "AmbientLight": 21.551724137931032
  },
  "2021-12-2-18-11": {
    "Temperature": 18.34,
    "Humidity": 79.140625,
    "Pressure": 1017.6551461051347,
    "UV": 0.02577319587628866,
    "AmbientLight": 0.0
  },
  "2021-12-2-18-12": {
    "Temperature": 18.76,
    "Humidity": 79.0,
    "Pressure": 1017.6945143816281,
    "UV": 0.0,
    "AmbientLight": 0.0
  },
  "2021-12-2-18-13": {
    "Temperature": 19.12,
    "Humidity": 78.828125,
    "Pressure": 1017.7207598992904,
    "UV": 0.0,
    "AmbientLight": 21.551724137931032
  },
  "2021-12-2-18-14": {
    "Temperature": 19.32,
    "Humidity": 78.484375,
    "Pressure": 1017.7470054169528,
    "UV": 0.02577319587628866,
    "AmbientLight": 0.0
  },
  "2021-12-2-18-15": {
    "Temperature": 19.38,
    "Humidity": 78.125,
    "Pressure": 1017.7470054169528,
    "UV": 0.02577319587628866,
    "AmbientLight": 0.0
  },
  "2021-12-2-18-16": {
    "Temperature": 19.3,
    "Humidity": 77.78125,
    "Pressure": 1017.7994964522774,
    "UV": 0.05154639175257732,
    "AmbientLight": 21.551724137931032
  },
  "2021-12-2-18-17": {
    "Temperature": 19.14,
    "Humidity": 77.5,
    "Pressure": 1017.7470054169528,
    "UV": 0.02577319587628866,
    "AmbientLight": 0.0
  },
  "2021-12-2-18-18": {
    "Temperature": 18.96,
    "Humidity": 77.328125,
    "Pressure": 1017.7732509346151,
    "UV": 0.02577319587628866,
    "AmbientLight": 0.0
  },
  "2021-12-2-18-19": {
    "Temperature": 18.76,
    "Humidity": 77.34375,
    "Pressure": 1017.7470054169528,
    "UV": 0.02577319587628866,
    "AmbientLight": 0.0
  },
  "2021-12-2-18-20": {
    "Temperature": 18.56,
    "Humidity": 77.171875,
    "Pressure": 1017.8257419699397,
    "UV": 0.0,
    "AmbientLight": 21.551724137931032
  },
  "2021-12-2-18-21": {
    "Temperature": 18.36,
    "Humidity": 77.234375,
    "Pressure": 1017.7994964522774,
    "UV": 0.02577319587628866,
    "AmbientLight": 0.0
  },
  "2021-12-2-18-22": {
    "Temperature": 18.2,
    "Humidity": 77.375,
    "Pressure": 1017.7732509346151,
    "UV": 0.02577319587628866,
    "AmbientLight": 0.0
  },
  "2021-12-2-18-23": {
    "Temperature": 18.08,
    "Humidity": 77.453125,
    "Pressure": 1017.7732509346151,
    "UV": 0.0,
    "AmbientLight": 0.0
  },
  "2021-12-2-18-24": {
    "Temperature": 17.98,
    "Humidity": 77.625,
    "Pressure": 1017.7994964522774,
    "UV": 0.02577319587628866,
    "AmbientLight": 0.0
  },
  "2021-12-2-18-25": {
    "Temperature": 17.94,
    "Humidity": 77.875,
    "Pressure": 1017.8257419699397,
    "UV": 0.0,
    "AmbientLight": 64.6551724137931
  },
  "2021-12-2-18-26": {
    "Temperature": 18.04,
    "Humidity": 78.203125,
    "Pressure": 1017.7994964522774,
    "UV": 0.05154639175257732,
    "AmbientLight": 0.0
  },
  "2021-12-2-18-27": {
    "Temperature": 18.22,
    "Humidity": 78.53125,
    "Pressure": 1017.8257419699397,
    "UV": 0.02577319587628866,
    "AmbientLight": 43.103448275862064
  },
  "2021-12-2-18-28": {
    "Temperature": 18.5,
    "Humidity": 78.6875,
    "Pressure": 1017.8519874876021,
    "UV": 0.0,
    "AmbientLight": 21.551724137931032
  },
  "2021-12-2-18-29": {
    "Temperature": 18.92,
    "Humidity": 78.703125,
    "Pressure": 1017.8519874876021,
    "UV": 0.0,
    "AmbientLight": 0.0
  },
  "2021-12-2-18-30": {
    "Temperature": 19.34,
    "Humidity": 78.421875,
    "Pressure": 1017.9044785229266,
    "UV": 0.02577319587628866,
    "AmbientLight": 0.0
  }
}