{
  "2021-12-1-1-0": {
    "Temperature": 18.82,
    "Humidity": 79.171875,
    "Pressure": 1009.177843900206,
    "UV": 0.0,
    "AmbientLight": 43.103448275862064
  },
  "2021-12-1-1-1": {
    "Temperature": 18.62,
    "Humidity": 79.15625,
    "Pressure": 1009.0728618295567,
    "UV": 0.0,
    "AmbientLight": 0.0
  },
  "2021-12-1-1-2": {
    "Temperature": 18.42,
    "Humidity": 79.3125,
    "Pressure": 1008.7185473411155,
    "UV": 0.0,
    "AmbientLight": 64.6551724137931
  },
  "2021-12-1-1-3": {
    "Temperature": 18.24,
    "Humidity": 79.296875,
    "Pressure": 1008.5610742351415,
    "UV": 0.05154639175257732,
    "AmbientLight": 21.551724137931032
  },
  "2021-12-1-1-4": {
    "Temperature": 18.08,
    "Humidity": 79.453125,
    "Pressure": 1008.5085831998169,
    "UV": 0.02577319587628866,
    "AmbientLight": 0.0
  },
  "2021-12-1-1-5": {
    "Temperature": 17.98,
    "Humidity": 79.546875,
    "Pressure": 1008.4823376821546,
    "UV": 0.0,
    "AmbientLight": 21.551724137931032
  },
  "2021-12-1-1-6": {
    "Temperature": 17.88,
    "Humidity": 79.65625,
    "Pressure": 1008.4560921644922,
    "UV": 0.0,
    "AmbientLight": 0.0
  },
  "2021-12-1-1-7": {
    "Temperature": 17.88,
    "Humidity": 79.984375,
    "Pressure": 1008.5348287174792,
    "UV": 0.02577319587628866,
    "AmbientLight": 0.0
  },
  "2021-12-1-1-8": {
    "Temperature": 17.94,
    "Humidity": 80.3125,
    "Pressure": 1008.5348287174792,
    "UV": 0.0,
    "AmbientLight": 21.551724137931032
  },
  "2021-12-1-1-9": {
    "Temperature": 18.14,
    "Humidity": 80.5625,
    "Pressure": 1008.4560921644922,
    "UV": 0.02577319587628866,
    "AmbientLight": 21.551724137931032
  },
  "2021-12-1-1-10": {
    "Temperature": 18.36,
    "Humidity": 80.625,
    "Pressure": 1008.3773556115053,
    "UV": 0.0,
    "AmbientLight": 0.0
  },
  "2021-12-1-1-11": {
    "Temperature": 18.66,
    "Humidity": 80.640625,
    "Pressure": 1008.4298466468299,
    "UV": 0.07731958762886597,
    "AmbientLight": 0.0
  },
  "2021-12-1-1-12": {
    "Temperature": 18.94,
    "Humidity": 80.546875,
    "Pressure": 1008.4823376821546,
    "UV": 0.05154639175257732,
    "AmbientLight": 21.551724137931032
  },
  "2021-12-1-1-13": {
    "Temperature": 19.1,
    "Humidity": 80.234375,
    "Pressure": 1008.4036011291677,
    "UV": 0.05154639175257732,
    "AmbientLight": 21.551724137931032
  },
  "2021-12-1-1-14": {
    "Temperature": 19.14,
    "Humidity": 80.109375,
    "Pressure": 1008.3117418173495,
    "UV": 0.0,
    "AmbientLight": 0.0
  },
  "2021-12-1-1-15": {
    "Temperature": 19.22,
    "Humidity": 79.84375,
    "Pressure": 1008.2330052643625,
    "UV": 0.02577319587628866,
    "AmbientLight": 0.0
  },
  "2021-12-1-1-16": {
    "Temperature": 19.14,
    "Humidity": 79.703125,
    "Pressure": 1008.180514229038,
    "UV": 0.0,
    "AmbientLight": 21.551724137931032
  },
  "2021-12-1-1-17": {
    "Temperature": 19.0,
    "Humidity": 79.484375,
    "Pressure": 1008.1017776760509,
    "UV": 0.05154639175257732,
    "AmbientLight": 0.0
  },
  "2021-12-1-1-18": {
    "Temperature": 18.8,
    "Humidity": 79.328125,
    "Pressure": 1008.023041123064,
    "UV": 0.0,
    "AmbientLight": 0.0
  },
  "2021-12-1-1-19": {
    "Temperature": 18.66,
    "Humidity": 79.265625,
    "Pressure": 1007.9705500877394,
    "UV": 0.05154639175257732,
    "AmbientLight": 0.0
  },
  "2021-12-1-1-20": {
    "Temperature": 18.46,
    "Humidity": 79.375,
    "Pressure": 1007.9180590524147,
    "UV": 0.05154639175257732,
    "AmbientLight": 43.103448275862064
  }
}