{
  "2021-12-2-15-0": {
    "Temperature": 24.54,
    "Humidity": 71.390625,
    "Pressure": 1015.6342412451362,
    "UV": 0.25773195876288657,
    "AmbientLight": 797.4137931034483
  },
  "2021-12-2-15-2": {
    "Temperature": 24.52,
    "Humidity": 71.359375,
    "Pressure": 1015.6867322804608,
    "UV": 0.20618556701030927,
    "AmbientLight": 840.5172413793102
  },
  "2021-12-2-15-3": {
    "Temperature": 24.56,
    "Humidity": 71.328125,
    "Pressure": 1015.7392233157855,
    "UV": 0.25773195876288657,
    "AmbientLight": 991.3793103448276
  },
  "2021-12-2-15-4": {
    "Temperature": 24.62,
    "Humidity": 71.21875,
    "Pressure": 1015.7129777981231,
    "UV": 0.3092783505154639,
    "AmbientLight": 1034.4827586206895
  },
  "2021-12-2-15-5": {
    "Temperature": 24.66,
    "Humidity": 71.1875,
    "Pressure": 1015.7654688334478,
    "UV": 0.43814432989690716,
    "AmbientLight": 1099.1379310344826
  },
  "2021-12-2-15-6": {
    "Temperature": 24.72,
    "Humidity": 71.125,
    "Pressure": 1015.79171435111,
    "UV": 0.3608247422680412,
    "AmbientLight": 1120.6896551724137
  },
  "2021-12-2-15-7": {
    "Temperature": 24.74,
    "Humidity": 71.046875,
    "Pressure": 1015.7392233157855,
    "UV": 0.33505154639175255,
    "AmbientLight": 1163.7931034482758
  },
  "2021-12-2-15-8": {
    "Temperature": 24.76,
    "Humidity": 70.96875,
    "Pressure": 1015.7392233157855,
    "UV": 0.3092783505154639,
    "AmbientLight": 1099.1379310344826
  },
  "2021-12-2-15-9": {
    "Temperature": 24.76,
    "Humidity": 71.0625,
    "Pressure": 1015.79171435111,
    "UV": 0.3608247422680412,
    "AmbientLight": 1012.9310344827585
  },
  "2021-12-2-15-10": {
    "Temperature": 24.7,
    "Humidity": 70.984375,
    "Pressure": 1015.8179598687724,
    "UV": 0.33505154639175255,
    "AmbientLight": 1012.9310344827585
  },
  "2021-12-2-15-11": {
    "Temperature": 24.62,
    "Humidity": 71.140625,
    "Pressure": 1015.7654688334478,
    "UV": 0.25773195876288657,
    "AmbientLight": 905.1724137931034
  },
  "2021-12-2-15-12": {
    "Temperature": 24.52,
    "Humidity": 71.34375,
    "Pressure": 1015.8179598687724,
    "UV": 0.25773195876288657,
    "AmbientLight": 797.4137931034483
  },
  "2021-12-2-15-13": {
    "Temperature": 24.44,
    "Humidity": 71.390625,
    "Pressure": 1015.8442053864347,
    "UV": 0.12886597938144329,
    "AmbientLight": 754.3103448275862
  },
  "2021-12-2-15-14": {
    "Temperature": 24.36,
    "Humidity": 71.578125,
    "Pressure": 1015.8179598687724,
    "UV": 0.23195876288659792,
    "AmbientLight": 646.5517241379309
  },
  "2021-12-2-15-15": {
    "Temperature": 24.28,
    "Humidity": 71.578125,
    "Pressure": 1015.8704509040971,
    "UV": 0.23195876288659792,
    "AmbientLight": 668.103448275862
  },
  "2021-12-2-15-16": {
    "Temperature": 24.26,
    "Humidity": 71.484375,
    "Pressure": 1015.8442053864347,
    "UV": 0.23195876288659792,
    "AmbientLight": 689.655172413793
  },
  "2021-12-2-15-17": {
    "Temperature": 24.2,
    "Humidity": 71.546875,
    "Pressure": 1015.8966964217593,
    "UV": 0.20618556701030927,
    "AmbientLight": 646.5517241379309
  },
  "2021-12-2-15-18": {
    "Temperature": 24.2,
    "Humidity": 71.5625,
    "Pressure": 1015.8966964217593,
    "UV": 0.23195876288659792,
    "AmbientLight": 668.103448275862
  },
  "2021-12-2-15-19": {
    "Temperature": 24.16,
    "Humidity": 71.65625,
    "Pressure": 1015.9229419394217,
    "UV": 0.20618556701030927,
    "AmbientLight": 646.5517241379309
  },
  "2021-12-2-15-20": {
    "Temperature": 24.1,
    "Humidity": 71.671875,
    "Pressure": 1015.949187457084,
    "UV": 0.20618556701030927,
    "AmbientLight": 538.7931034482758
  },
  "2021-12-2-15-21": {
    "Temperature": 24.0,
    "Humidity": 71.671875,
    "Pressure": 1015.9229419394217,
    "UV": 0.15463917525773194,
    "AmbientLight": 625.0
  },
  "2021-12-2-15-22": {
    "Temperature": 23.9,
    "Humidity": 71.6875,
    "Pressure": 1015.949187457084,
    "UV": 0.1804123711340206,
    "AmbientLight": 517.2413793103448
  },
  "2021-12-2-15-23": {
    "Temperature": 23.82,
    "Humidity": 71.765625,
    "Pressure": 1015.9885557335775,
    "UV": 0.15463917525773194,
    "AmbientLight": 474.13793103448273
  },
  "2021-12-2-15-24": {
    "Temperature": 23.72,
    "Humidity": 71.8125,
    "Pressure": 1016.0410467689021,
    "UV": 0.15463917525773194,
    "AmbientLight": 538.7931034482758
  },
  "2021-12-2-15-25": {
    "Temperature": 23.66,
    "Humidity": 71.90625,
    "Pressure": 1016.0672922865645,
    "UV": 0.12886597938144329,
    "AmbientLight": 495.6896551724138
  },
  "2021-12-2-15-26": {
    "Temperature": 23.54,
    "Humidity": 72.0,
    "Pressure": 1016.0672922865645,
    "UV": 0.10309278350515463,
    "AmbientLight": 517.2413793103448
  },
  "2021-12-2-15-27": {
    "Temperature": 23.44,
    "Humidity": 72.078125,
    "Pressure": 1016.0410467689021,
    "UV": 0.10309278350515463,
    "AmbientLight": 474.13793103448273
  },
  "2021-12-2-15-28": {
    "Temperature": 23.36,
    "Humidity": 72.109375,
    "Pressure": 1016.0148012512398,
    "UV": 0.12886597938144329,
    "AmbientLight": 431.03448275862064
  },
  "2021-12-2-15-29": {
    "Temperature": 23.22,
    "Humidity": 72.171875,
    "Pressure": 1016.0410467689021,
    "UV": 0.15463917525773194,
    "AmbientLight": 387.9310344827586
  },
  "2021-12-2-15-30": {
    "Temperature": 23.16,
    "Humidity": 72.1875,
    "Pressure": 1016.0935378042268,
    "UV": 0.1804123711340206,
    "AmbientLight": 431.03448275862064
  },
  "2021-12-2-15-31": {
    "Temperature": 23.02,
    "Humidity": 72.375,
    "Pressure": 1016.0935378042268,
    "UV": 0.12886597938144329,
    "AmbientLight": 387.9310344827586
  },
  "2021-12-2-15-32": {
    "Temperature": 22.92,
    "Humidity": 72.46875,
    "Pressure": 1016.0672922865645,
    "UV": 0.05154639175257732,
    "AmbientLight": 344.8275862068965
  },
  "2021-12-2-15-33": {
    "Temperature": 22.82,
    "Humidity": 72.390625,
    "Pressure": 1016.0410467689021,
    "UV": 0.12886597938144329,
    "AmbientLight": 431.03448275862064
  },
  "2021-12-2-15-34": {
    "Temperature": 22.72,
    "Humidity": 72.46875,
    "Pressure": 1016.0410467689021,
    "UV": 0.12886597938144329,
    "AmbientLight": 387.9310344827586
  },
  "2021-12-2-15-35": {
    "Temperature": 22.6,
    "Humidity": 72.6875,
    "Pressure": 1016.0148012512398,
    "UV": 0.10309278350515463,
    "AmbientLight": 366.37931034482756
  },
  "2021-12-2-15-36": {
    "Temperature": 22.48,
    "Humidity": 72.875,
    "Pressure": 1016.0410467689021,
    "UV": 0.12886597938144329,
    "AmbientLight": 280.17241379310343
  },
  "2021-12-2-15-37": {
    "Temperature": 22.36,
    "Humidity": 72.90625,
    "Pressure": 1016.0148012512398,
    "UV": 0.15463917525773194,
    "AmbientLight": 215.51724137931032
  },
  "2021-12-2-15-38": {
    "Temperature": 22.26,
    "Humidity": 72.96875,
    "Pressure": 1016.0672922865645,
    "UV": 0.1804123711340206,
    "AmbientLight": 237.06896551724137
  },
  "2021-12-2-15-39": {
    "Temperature": 22.16,
    "Humidity": 73.078125,
    "Pressure": 1016.0935378042268,
    "UV": 0.02577319587628866,
    "AmbientLight": 280.17241379310343
  },
  "2021-12-2-15-40": {
    "Temperature": 22.04,
    "Humidity": 73.234375,
    "Pressure": 1016.0935378042268,
    "UV": 0.10309278350515463,
    "AmbientLight": 258.6206896551724
  },
  "2021-12-2-15-41": {
    "Temperature": 21.96,
    "Humidity": 73.3125,
    "Pressure": 1016.0410467689021,
    "UV": 0.05154639175257732,
    "AmbientLight": 258.6206896551724
  },
  "2021-12-2-15-42": {
    "Temperature": 21.84,
    "Humidity": 73.328125,
    "Pressure": 1016.0672922865645,
    "UV": 0.07731958762886597,
    "AmbientLight": 258.6206896551724
  },
  "2021-12-2-15-43": {
    "Temperature": 21.7,
    "Humidity": 73.40625,
    "Pressure": 1016.119783321889,
    "UV": 0.07731958762886597,
    "AmbientLight": 172.41379310344826
  },
  "2021-12-2-15-44": {
    "Temperature": 21.58,