{
  "2021-12-2-17-0": {
    "Temperature": 18.08,
    "Humidity": 80.203125,
    "Pressure": 1016.5659571221485,
    "UV": 0.0,
    "AmbientLight": 64.6551724137931
  },
  "2021-12-2-17-1": {
    "Temperature": 18.18,
    "Humidity": 80.390625,
    "Pressure": 1016.6184481574732,
    "UV": 0.05154639175257732,
    "AmbientLight": 43.103448275862064
  },
  "2021-12-2-17-2": {
    "Temperature": 18.32,
    "Humidity": 80.34375,
    "Pressure": 1016.5659571221485,
    "UV": 0.02577319587628866,
    "AmbientLight": 0.0
  },
  "2021-12-2-17-3": {
    "Temperature": 18.44,
    "Humidity": 80.375,
    "Pressure": 1016.6184481574732,
    "UV": 0.0,
    "AmbientLight": 0.0
  },
  "2021-12-2-17-4": {
    "Temperature": 18.52,
    "Humidity": 80.265625,
    "Pressure": 1016.6184481574732,
    "UV": 0.05154639175257732,
    "AmbientLight": 21.551724137931032
  },
  "2021-12-2-17-5": {
    "Temperature": 18.5,
    "Humidity": 80.0,
    "Pressure": 1016.6709391927977,
    "UV": 0.0,
    "AmbientLight": 0.0
  },
  "2021-12-2-17-6": {
    "Temperature": 18.48,
    "Humidity": 79.875,
    "Pressure": 1016.6446936751354,
    "UV": 0.02577319587628866,
    "AmbientLight": 0.0
  },
  "2021-12-2-17-7": {
    "Temperature": 18.4,
    "Humidity": 79.734375,
    "Pressure": 1016.6971847104601,
    "UV": 0.02577319587628866,
    "AmbientLight": 0.0
  },
  "2021-12-2-17-8": {
    "Temperature": 18.32,
    "Humidity": 79.625,
    "Pressure": 1016.7365529869535,
    "UV": 0.0,
    "AmbientLight": 43.103448275862064
  },
  "2021-12-2-17-9": {
    "Temperature": 18.24,
    "Humidity": 79.625,
    "Pressure": 1016.7365529869535,
    "UV": 0.02577319587628866,
    "AmbientLight": 0.0
  },
  "2021-12-2-17-10": {
    "Temperature": 18.12,
    "Humidity": 79.53125,
    "Pressure": 1016.6446936751354,
    "UV": 0.02577319587628866,
    "AmbientLight": 0.0
  },
  "2021-12-2-17-11": {
    "Temperature": 18.04,
    "Humidity": 79.640625,
    "Pressure": 1016.7103074692913,
    "UV": 0.02577319587628866,
    "AmbientLight": 0.0
  },
  "2021-12-2-17-12": {
    "Temperature": 17.94,
    "Humidity": 79.671875,
    "Pressure": 1016.7627985046158,
    "UV": 0.0,
    "AmbientLight": 21.551724137931032
  },
  "2021-12-2-17-13": {
    "Temperature": 17.88,
    "Humidity": 79.734375,
    "Pressure": 1016.7627985046158,
    "UV": 0.0,
    "AmbientLight": 0.0
  },
  "2021-12-2-17-14": {
    "Temperature": 17.84,
    "Humidity": 79.828125,
    "Pressure": 1016.7890440222782,
    "UV": 0.0,
    "AmbientLight": 0.0
  },
  "2021-12-2-17-15": {
    "Temperature": 17.82,
    "Humidity": 79.890625,
    "Pressure": 1016.7890440222782,
    "UV": 0.0,
    "AmbientLight": 0.0
  },
  "2021-12-2-17-16": {
    "Temperature": 17.82,
    "Humidity": 80.109375,
    "Pressure": 1016.7890440222782,
    "UV": 0.02577319587628866,
    "AmbientLight": 0.0
  },
  "2021-12-2-17-17": {
    "Temperature": 17.86,
    "Humidity": 80.296875,
    "Pressure": 1016.7890440222782,
    "UV": 0.05154639175257732,
    "AmbientLight": 21.551724137931032
  },
  "2021-12-2-17-18": {
    "Temperature": 17.96,
    "Humidity": 80.40625,
    "Pressure": 1016.7627985046158,
    "UV": 0.0,
    "AmbientLight": 21.551724137931032
  },
  "2021-12-2-17-19": {
    "Temperature": 18.04,
    "Humidity": 80.40625,
    "Pressure": 1016.7365529869535,
    "UV": 0.07731958762886597,
    "AmbientLight": 21.551724137931032
  },
  "2021-12-2-17-20": {
    "Temperature": 18.16,
    "Humidity": 80.53125,
    "Pressure": 1016.7627985046158,
    "UV": 0.05154639175257732,
    "AmbientLight": 0.0
  },
  "2021-12-2-17-21": {
    "Temperature": 18.3,
    "Humidity": 80.5,
    "Pressure": 1016.7890440222782,
    "UV": 0.05154639175257732,
    "AmbientLight": 21.551724137931032
  },
  "2021-12-2-17-22": {
    "Temperature": 18.4,
    "Humidity": 80.359375,
    "Pressure": 1016.8415350576028,
    "UV": 0.0,
    "AmbientLight": 0.0
  },
  "2021-12-2-17-23": {
    "Temperature": 18.44,
    "Humidity": 80.203125,
    "Pressure": 1016.8415350576028,
    "UV": 0.0,
    "AmbientLight": 0.0
  },
  "2021-12-2-17-24": {
    "Temperature": 18.42,
    "Humidity": 79.9375,
    "Pressure": 1016.8677805752651,
    "UV": 0.07731958762886597,
    "AmbientLight": 0.0
  },
  "2021-12-2-17-25": {
    "Temperature": 18.32,
    "Humidity": 79.828125,
    "Pressure": 1016.8677805752651,
    "UV": 0.0,
    "AmbientLight": 0.0
  },
  "2021-12-2-17-26": {
    "Temperature": 18.24,
    "Humidity": 79.78125,
    "Pressure": 1016.9071488517586,
    "UV": 0.02577319587628866,
    "AmbientLight": 0.0
  },
  "2021-12-2-17-27": {
    "Temperature": 18.14,
    "Humidity": 79.71875,
    "Pressure": 1016.9071488517586,
    "UV": 0.0,
    "AmbientLight": 21.551724137931032
  },
  "2021-12-2-17-28": {
    "Temperature": 18.04,
    "Humidity": 79.6875,
    "Pressure": 1016.9071488517586,
    "UV": 0.0,
    "AmbientLight": 0.0
  },
  "2021-12-2-17-29": {
    "Temperature": 17.94,
    "Humidity": 79.625,
    "Pressure": 1016.933394369421,
    "UV": 0.02577319587628866,
    "AmbientLight": 21.551724137931032
  },
  "2021-12-2-17-30": {
    "Temperature": 17.86,
    "Humidity": 79.703125,
    "Pressure": 1017.0121309224079,
    "UV": 0.0,
    "AmbientLight": 43.103448275862064
  }
}