{
  "2021-12-2-16-0": {
    "Temperature": 19.96,
    "Humidity": 76.375,
    "Pressure": 1016.1460288395514,
    "UV": 0.05154639175257732,
    "AmbientLight": 193.9655172413793
  },
  "2021-12-2-16-1": {
    "Temperature": 19.88,
    "Humidity": 76.359375,
    "Pressure": 1016.119783321889,
    "UV": 0.02577319587628866,
    "AmbientLight": 107.75862068965516
  },
  "2021-12-2-16-2": {
    "Temperature": 19.74,
    "Humidity": 76.5,
    "Pressure": 1016.119783321889,
    "UV": 0.02577319587628866,
    "AmbientLight": 172.41379310344826
  },
  "2021-12-2-16-3": {
    "Temperature": 19.68,
    "Humidity": 76.6875,
    "Pressure": 1016.2247653925383,
    "UV": 0.02577319587628866,
    "AmbientLight": 107.75862068965516
  },
  "2021-12-2-16-4": {
    "Temperature": 19.62,
    "Humidity": 76.6875,
    "Pressure": 1016.1722743572137,
    "UV": 0.0,
    "AmbientLight": 64.6551724137931
  },
  "2021-12-2-16-5": {
    "Temperature": 19.54,
    "Humidity": 76.734375,
    "Pressure": 1016.1985198748761,
    "UV": 0.07731958762886597,
    "AmbientLight": 64.6551724137931
  },
  "2021-12-2-16-6": {
    "Temperature": 19.48,
    "Humidity": 76.828125,
    "Pressure": 1016.1985198748761,
    "UV": 0.0,
    "AmbientLight": 86.20689655172413
  },
  "2021-12-2-16-7": {
    "Temperature": 19.42,
    "Humidity": 76.953125,
    "Pressure": 1016.2510109102006,
    "UV": 0.02577319587628866,
    "AmbientLight": 86.20689655172413
  },
  "2021-12-2-16-8": {
    "Temperature": 19.36,
    "Humidity": 76.953125,
    "Pressure": 1016.2903791866942,
    "UV": 0.05154639175257732,
    "AmbientLight": 64.6551724137931
  },
  "2021-12-2-16-9": {
    "Temperature": 19.26,
    "Humidity": 77.15625,
    "Pressure": 1016.2903791866942,
    "UV": 0.02577319587628866,
    "AmbientLight": 107.75862068965516
  },
  "2021-12-2-16-10": {
    "Temperature": 19.22,
    "Humidity": 77.34375,
    "Pressure": 1016.2510109102006,
    "UV": 0.02577319587628866,
    "AmbientLight": 86.20689655172413
  },
  "2021-12-2-16-12": {
    "Temperature": 19.16,
    "Humidity": 77.609375,
    "Pressure": 1016.2903791866942,
    "UV": 0.02577319587628866,
    "AmbientLight": 43.103448275862064
  },
  "2021-12-2-16-13": {
    "Temperature": 19.12,
    "Humidity": 77.734375,
    "Pressure": 1016.3691157396811,
    "UV": 0.0,
    "AmbientLight": 107.75862068965516
  },
  "2021-12-2-16-14": {
    "Temperature": 19.08,
    "Humidity": 77.828125,
    "Pressure": 1016.3691157396811,
    "UV": 0.0,
    "AmbientLight": 64.6551724137931
  },
  "2021-12-2-16-15": {
    "Temperature": 19.02,
    "Humidity": 77.9375,
    "Pressure": 1016.3428702220187,
    "UV": 0.02577319587628866,
    "AmbientLight": 43.103448275862064
  },
  "2021-12-2-16-16": {
    "Temperature": 18.96,
    "Humidity": 78.03125,
    "Pressure": 1016.3691157396811,
    "UV": 0.0,
    "AmbientLight": 21.551724137931032
  },
  "2021-12-2-16-17": {
    "Temperature": 18.92,
    "Humidity": 78.234375,
    "Pressure": 1016.3428702220187,
    "UV": 0.05154639175257732,
    "AmbientLight": 86.20689655172413
  },
  "2021-12-2-16-18": {
    "Temperature": 18.9,
    "Humidity": 78.265625,
    "Pressure": 1016.3428702220187,
    "UV": 0.05154639175257732,
    "AmbientLight": 21.551724137931032
  },
  "2021-12-2-16-19": {
    "Temperature": 18.9,
    "Humidity": 78.421875,
    "Pressure": 1016.3691157396811,
    "UV": 0.02577319587628866,
    "AmbientLight": 43.103448275862064
  },
  "2021-12-2-16-20": {
    "Temperature": 18.92,
    "Humidity": 78.671875,
    "Pressure": 1016.3691157396811,
    "UV": 0.10309278350515463,
    "AmbientLight": 43.103448275862064
  },
  "2021-12-2-16-21": {
    "Temperature": 18.92,
    "Humidity": 78.71875,
    "Pressure": 1016.3691157396811,
    "UV": 0.02577319587628866,
    "AmbientLight": 21.551724137931032
  },
  "2021-12-2-16-22": {
    "Temperature": 18.94,
    "Humidity": 78.6875,
    "Pressure": 1016.3691157396811,
    "UV": 0.0,
    "AmbientLight": 21.551724137931032
  },
  "2021-12-2-16-23": {
    "Temperature": 18.88,
    "Humidity": 78.765625,
    "Pressure": 1016.3953612573434,
    "UV": 0.05154639175257732,
    "AmbientLight": 43.103448275862064
  },
  "2021-12-2-16-24": {
    "Temperature": 18.82,
    "Humidity": 78.84375,
    "Pressure": 1016.3691157396811,
    "UV": 0.0,
    "AmbientLight": 21.551724137931032
  },
  "2021-12-2-16-25": {
    "Temperature": 18.78,
    "Humidity": 78.875,
    "Pressure": 1016.3691157396811,
    "UV": 0.05154639175257732,
    "AmbientLight": 21.551724137931032
  },
  "2021-12-2-16-26": {
    "Temperature": 18.76,
    "Humidity": 79.03125,
    "Pressure": 1016.3691157396811,
    "UV": 0.02577319587628866,
    "AmbientLight": 21.551724137931032
  },
  "2021-12-2-16-27": {
    "Temperature": 18.74,
    "Humidity": 79.046875,
    "Pressure": 1016.3691157396811,
    "UV": 0.0,
    "AmbientLight": 0.0
  },
  "2021-12-2-16-28": {
    "Temperature": 18.68,
    "Humidity": 79.09375,
    "Pressure": 1016.3166247043564,
    "UV": 0.0,
    "AmbientLight": 0.0
  },
  "2021-12-2-16-29": {
    "Temperature": 18.6,
    "Humidity": 79.078125,
    "Pressure": 1016.4216067750057,
    "UV": 0.07731958762886597,
    "AmbientLight": 0.0
  },
  "2021-12-2-16-30": {
    "Temperature": 18.54,
    "Humidity": 79.046875,
    "Pressure": 1016.3428702220187,
    "UV": 0.0,
    "AmbientLight": 0.0
  },
  "2021-12-2-16-31": {
    "Temperature": 18.46,
    "Humidity": 79.140625,
    "Pressure": 1016.3428702220187,
    "UV": 0.0,
    "AmbientLight": 21.551724137931032
  },
  "2021-12-2-16-32": {
    "Temperature": 18.36,
    "Humidity": 79.203125,
    "Pressure": 1016.277256427863,
    "UV": 0.0,
    "AmbientLight": 0.0
  },
  "2021-12-2-16-33": {
    "Temperature": 18.34,
    "Humidity": 79.265625,
    "Pressure": 1016.2903791866942,
    "UV": 0.0,
    "AmbientLight": 0.0
  },
  "2021-12-2-16-34": {
    "Temperature": 18.28,
    "Humidity": 79.40625,
    "Pressure": 1016.2903791866942,
    "UV": 0.0,
    "AmbientLight": 0.0
  },
  "2021-12-2-16-35": {
    "Temperature": 18.26,
    "Humidity": 79.453125,
    "Pressure": 1016.3166247043564,
    "UV": 0.0,
    "AmbientLight": 21.551724137931032
  },
  "2021-12-2-16-36": {
    "Temperature": 18.2,
    "Humidity": 79.578125,
    "Pressure": 1016.2903791866942,
    "UV": 0.0,
    "AmbientLight": 43.103448275862064
  },
  "2021-12-2-16-37": {
    "Temperature": 18.24,
    "Humidity": 79.640625,
    "Pressure": 1016.3428702220187,
    "UV": 0.02577319587628866,
    "AmbientLight": 64.6551724137931
  },
  "2021-12-2-16-38": {
    "Temperature": 18.24,
    "Humidity": 79.828125,
    "Pressure": 1016.3166247043564,
    "UV": 0.0,
    "AmbientLight": 21.551724137931032
  },
  "2021-12-2-16-39": {
    "Temperature": 18.26,
    "Humidity": 79.984375,
    "Pressure": 1016.277256427863,
    "UV": 0.05154639175257732,
    "AmbientLight": 0.0
  },
  "2021-12-2-16-40": {
    "Temperature": 18.3,
    "Humidity": 79.96875,
    "Pressure": 1016.2903791866942,
    "UV": 0.0,
    "AmbientLight": 21.551724137931032
  },
  "2021-12-2-16-41": {
    "Temperature": 18.34,
    "Humidity": 80.0,
    "Pressure": 1016.2903791866942,
    "UV": 0.02577319587628866,
    "AmbientLight": 0.0
  },
  "2021-12-2-16-42": {
    "Temperature": 18.46,
    "Humidity": 80.171875,
    "Pressure": 1016.2903791866942,
    "UV": 0.07731958762886597,
    "AmbientLight": 0.0
  },
  "2021-12-2-16-43": {
    "Temperature": 18.62,
    "Humidity": 80.171875,
    "Pressure": 1016.3166247043564,
    "UV": 0.0,
    "AmbientLight": 0.0
  },
  "2021-12-2-16-44": {
    "Temperature": 18.72,
    "Humidity": 80.078125,
    "Pressure": 1016.3166247043564,
    "UV": 0.02577319587628866,
    "AmbientLight": 21.551724137931032
  },
  "2021-12-2-16-45": {
    "Temperature": 18.8,
    "Humidity": 79.921875,
    "Pressure": 1016.3953612573434,
    "UV": 0.02577319587628866,
    "AmbientLight": 21.551724137931032
  },
  "2021-12-2-16-46": {
    "Temperature": 18.76,
    "Humidity": 79.734375,
    "Pressure": 1016.447852292668,