{
  "2021-12-2-14-44": {
    "Temperature": 25.22,
    "Humidity": 69.984375,
    "Pressure": 1015.4373998626688,
    "UV": 0.38659793814432986,
    "AmbientLight": 1250.0
  },
  "2021-12-2-14-45": {
    "Temperature": 25.16,
    "Humidity": 70.234375,
    "Pressure": 1015.4373998626688,
    "UV": 0.3608247422680412,
    "AmbientLight": 1250.0
  },
  "2021-12-2-14-46": {
    "Temperature": 25.08,
    "Humidity": 70.28125,
    "Pressure": 1015.4636453803312,
    "UV": 0.33505154639175255,
    "AmbientLight": 1250.0
  },
  "2021-12-2-14-47": {
    "Temperature": 25.0,
    "Humidity": 70.4375,
    "Pressure": 1015.4373998626688,
    "UV": 0.3608247422680412,
    "AmbientLight": 1228.4482758620688
  },
  "2021-12-2-14-48": {
    "Temperature": 24.98,
    "Humidity": 70.671875,
    "Pressure": 1015.4767681391622,
    "UV": 0.28350515463917525,
    "AmbientLight": 1250.0
  },
  "2021-12-2-14-49": {
    "Temperature": 24.94,
    "Humidity": 70.78125,
    "Pressure": 1015.4767681391622,
    "UV": 0.33505154639175255,
    "AmbientLight": 1271.551724137931
  },
  "2021-12-2-14-50": {
    "Temperature": 24.9,
    "Humidity": 70.875,
    "Pressure": 1015.4767681391622,
    "UV": 0.33505154639175255,
    "AmbientLight": 1508.6206896551723
  },
  "2021-12-2-14-51": {
    "Temperature": 24.96,
    "Humidity": 70.921875,
    "Pressure": 1015.4636453803312,
    "UV": 0.41237113402061853,
    "AmbientLight": 1681.0344827586205
  },
  "2021-12-2-14-52": {
    "Temperature": 25.04,
    "Humidity": 70.921875,
    "Pressure": 1015.4111543450065,
    "UV": 0.46391752577319584,
    "AmbientLight": 1853.4482758620688
  },
  "2021-12-2-14-53": {
    "Temperature": 25.04,
    "Humidity": 70.90625,
    "Pressure": 1015.4373998626688,
    "UV": 0.46391752577319584,
    "AmbientLight": 1853.4482758620688
  },
  "2021-12-2-14-54": {
    "Temperature": 25.06,
    "Humidity": 70.875,
    "Pressure": 1015.4111543450065,
    "UV": 0.46391752577319584,
    "AmbientLight": 1745.6896551724137
  },
  "2021-12-2-14-55": {
    "Temperature": 25.04,
    "Humidity": 71.0,
    "Pressure": 1015.3849088273441,
    "UV": 0.41237113402061853,
    "AmbientLight": 1681.0344827586205
  },
  "2021-12-2-14-56": {
    "Temperature": 25.06,
    "Humidity": 71.0625,
    "Pressure": 1015.3849088273441,
    "UV": 0.41237113402061853,
    "AmbientLight": 1573.2758620689654
  },
  "2021-12-2-14-57": {
    "Temperature": 24.98,
    "Humidity": 71.09375,
    "Pressure": 1015.4111543450065,
    "UV": 0.43814432989690716,
    "AmbientLight": 1422.4137931034481
  },
  "2021-12-2-14-58": {
    "Temperature": 24.9,
    "Humidity": 71.140625,
    "Pressure": 1015.4111543450065,
    "UV": 0.33505154639175255,
    "AmbientLight": 1293.1034482758619
  },
  "2021-12-2-14-59": {
    "Temperature": 24.84,
    "Humidity": 71.234375,
    "Pressure": 1015.4636453803312,
    "UV": 0.28350515463917525,
    "AmbientLight": 1163.7931034482758
  }
}