{
  "2021-12-2-15-0": {
    "Temperature": 24.78,
    "Humidity": 71.328125,
    "Pressure": 1015.4373998626688,
    "UV": 0.3608247422680412,
    "AmbientLight": 1163.7931034482758
  },
  "2021-12-2-15-1": {
    "Temperature": 24.7,
    "Humidity": 71.484375,
    "Pressure": 1015.5030136568246,
    "UV": 0.3092783505154639,
    "AmbientLight": 1120.6896551724137
  },
  "2021-12-2-15-11": {
    "Temperature": 23.96,
    "Humidity": 72.640625,
    "Pressure": 1015.6079957274738,
    "UV": 0.28350515463917525,
    "AmbientLight": 732.7586206896551
  },
  "2021-12-2-15-12": {
    "Temperature": 23.88,
    "Humidity": 72.765625,
    "Pressure": 1015.5817502098115,
    "UV": 0.20618556701030927,
    "AmbientLight": 775.8620689655172
  },
  "2021-12-2-15-13": {
    "Temperature": 23.84,
    "Humidity": 72.84375,
    "Pressure": 1015.6604867627985,
    "UV": 0.1804123711340206,
    "AmbientLight": 711.2068965517241
  },
  "2021-12-2-15-14": {
    "Temperature": 23.76,
    "Humidity": 72.921875,
    "Pressure": 1015.699855039292,
    "UV": 0.15463917525773194,
    "AmbientLight": 711.2068965517241
  },
  "2021-12-2-15-15": {
    "Temperature": 23.72,
    "Humidity": 73.0,
    "Pressure": 1015.699855039292,
    "UV": 0.20618556701030927,
    "AmbientLight": 732.7586206896551
  },
  "2021-12-2-15-16": {
    "Temperature": 23.64,
    "Humidity": 72.984375,
    "Pressure": 1015.7261005569543,
    "UV": 0.1804123711340206,
    "AmbientLight": 689.655172413793
  },
  "2021-12-2-15-17": {
    "Temperature": 23.6,
    "Humidity": 73.09375,
    "Pressure": 1015.7523460746166,
    "UV": 0.15463917525773194,
    "AmbientLight": 689.655172413793
  },
  "2021-12-2-15-18": {
    "Temperature": 23.56,
    "Humidity": 73.1875,
    "Pressure": 1015.778591592279,
    "UV": 0.15463917525773194,
    "AmbientLight": 711.2068965517241
  },
  "2021-12-2-15-19": {
    "Temperature": 23.46,
    "Humidity": 73.28125,
    "Pressure": 1015.7523460746166,
    "UV": 0.15463917525773194,
    "AmbientLight": 646.5517241379309
  },
  "2021-12-2-15-20": {
    "Temperature": 23.4,
    "Humidity": 73.34375,
    "Pressure": 1015.7523460746166,
    "UV": 0.20618556701030927,
    "AmbientLight": 625.0
  },
  "2021-12-2-15-21": {
    "Temperature": 23.34,
    "Humidity": 73.484375,
    "Pressure": 1015.7523460746166,
    "UV": 0.12886597938144329,
    "AmbientLight": 625.0
  },
  "2021-12-2-15-22": {
    "Temperature": 23.26,
    "Humidity": 73.53125,
    "Pressure": 1015.8048371099412,
    "UV": 0.10309278350515463,
    "AmbientLight": 517.2413793103448
  },
  "2021-12-2-15-23": {
    "Temperature": 23.22,
    "Humidity": 73.609375,
    "Pressure": 1015.8573281452659,
    "UV": 0.15463917525773194,
    "AmbientLight": 581.8965517241379
  },
  "2021-12-2-15-24": {
    "Temperature": 23.12,
    "Humidity": 73.671875,
    "Pressure": 1015.8573281452659,
    "UV": 0.10309278350515463,
    "AmbientLight": 517.2413793103448
  },
  "2021-12-2-15-25": {
    "Temperature": 23.06,
    "Humidity": 73.796875,
    "Pressure": 1015.8966964217593,
    "UV": 0.12886597938144329,
    "AmbientLight": 560.3448275862069
  },
  "2021-12-2-15-26": {
    "Temperature": 23.0,
    "Humidity": 73.796875,
    "Pressure": 1015.8966964217593,
    "UV": 0.15463917525773194,
    "AmbientLight": 452.5862068965517
  },
  "2021-12-2-15-27": {
    "Temperature": 22.92,
    "Humidity": 73.828125,
    "Pressure": 1015.9229419394217,
    "UV": 0.12886597938144329,
    "AmbientLight": 495.6896551724138
  },
  "2021-12-2-15-28": {
    "Temperature": 22.84,
    "Humidity": 73.984375,
    "Pressure": 1015.9229419394217,
    "UV": 0.12886597938144329,
    "AmbientLight": 495.6896551724138
  },
  "2021-12-2-15-29": {
    "Temperature": 22.74,
    "Humidity": 74.109375,
    "Pressure": 1015.9229419394217,
    "UV": 0.12886597938144329,
    "AmbientLight": 431.03448275862064
  },
  "2021-12-2-15-30": {
    "Temperature": 22.68,
    "Humidity": 74.125,
    "Pressure": 1015.949187457084,
    "UV": 0.12886597938144329,
    "AmbientLight": 452.5862068965517
  },
  "2021-12-2-15-32": {
    "Temperature": 22.52,
    "Humidity": 74.296875,
    "Pressure": 1015.949187457084,
    "UV": 0.12886597938144329,
    "AmbientLight": 366.37931034482756
  },
  "2021-12-2-15-33": {
    "Temperature": 22.42,
    "Humidity": 74.375,
    "Pressure": 1015.9229419394217,
    "UV": 0.10309278350515463,
    "AmbientLight": 431.03448275862064
  },
  "2021-12-2-15-34": {
    "Temperature": 22.36,
    "Humidity": 74.4375,
    "Pressure": 1015.9229419394217,
    "UV": 0.05154639175257732,
    "AmbientLight": 323.27586206896547
  },
  "2021-12-2-15-35": {
    "Temperature": 22.26,
    "Humidity": 74.5625,
    "Pressure": 1015.8704509040971,
    "UV": 0.12886597938144329,
    "AmbientLight": 344.8275862068965
  },
  "2021-12-2-15-36": {
    "Temperature": 22.16,
    "Humidity": 74.65625,
    "Pressure": 1015.949187457084,
    "UV": 0.12886597938144329,
    "AmbientLight": 344.8275862068965
  },
  "2021-12-2-15-37": {
    "Temperature": 22.08,
    "Humidity": 74.609375,
    "Pressure": 1015.8966964217593,
    "UV": 0.10309278350515463,
    "AmbientLight": 344.8275862068965
  },
  "2021-12-2-15-38": {
    "Temperature": 21.98,
    "Humidity": 74.8125,
    "Pressure": 1015.8966964217593,
    "UV": 0.05154639175257732,
    "AmbientLight": 366.37931034482756
  },
  "2021-12-2-15-39": {
    "Temperature": 21.9,
    "Humidity": 74.859375,
    "Pressure": 1015.8966964217593,
    "UV": 0.10309278350515463,
    "AmbientLight": 366.37931034482756
  },
  "2021-12-2-15-40": {
    "Temperature": 21.84,
    "Humidity": 74.96875,
    "Pressure": 1015.9229419394217,
    "UV": 0.10309278350515463,
    "AmbientLight": 323.27586206896547
  },
  "2021-12-2-15-41": {
    "Temperature": 21.76,
    "Humidity": 75.03125,
    "Pressure": 1015.9229419394217,
    "UV": 0.05154639175257732,
    "AmbientLight": 344.8275862068965
  },
  "2021-12-2-15-42": {
    "Temperature": 21.7,
    "Humidity": 75.078125,
    "Pressure": 1015.9754329747464,
    "UV": 0.07731958762886597,
    "AmbientLight": 280.17241379310343
  },
  "2021-12-2-15-43": {
    "Temperature": 21.6,
    "Humidity": 75.171875,
    "Pressure": 1015.9754329747464,
    "UV": 0.15463917525773194,
    "AmbientLight": 280.17241379310343
  },
  "2021-12-2-15-44": {
    "Temperature": 21.5,
    "Humidity": 75.234375,
    "Pressure": 1015.949187457084,
    "UV": 0.07731958762886597,
    "AmbientLight": 301.7241379310345
  },
  "2021-12-2-15-45": {
    "Temperature": 21.38,
    "Humidity": 75.28125,
    "Pressure": 1015.9754329747464,
    "UV": 0.1804123711340206,
    "AmbientLight": 301.7241379310345
  },
  "2021-12-2-15-46": {
    "Temperature": 21.26,
    "Humidity": 75.3125,
    "Pressure": 1015.9229419394217,
    "UV": 0.07731958762886597,
    "AmbientLight": 280.17241379310343
  },
  "2021-12-2-15-47": {
    "Temperature": 21.2,
    "Humidity": 75.40625,
    "Pressure": 1015.9754329747464,
    "UV": 0.07731958762886597,
    "AmbientLight": 237.06896551724137
  },
  "2021-12-2-15-48": {
    "Temperature": 21.08,
    "Humidity": 75.484375,
    "Pressure": 1016.0541695277333,
    "UV": 0.10309278350515463,
    "AmbientLight": 215.51724137931032
  },
  "2021-12-2-15-49": {
    "Temperature": 21.0,
    "Humidity": 75.5625,
    "Pressure": 1016.0804150453956,
    "UV": 0.05154639175257732,
    "AmbientLight": 215.51724137931032
  },
  "2021-12-2-15-50": {
    "Temperature": 20.9,
    "Humidity": 75.640625,
    "Pressure": 1016.0804150453956,
    "UV": 0.05154639175257732,
    "AmbientLight": 215.51724137931032
  },
  "2021-12-2-15-51": {
    "Temperature": 20.78,
    "Humidity": 75.78125,
    "Pressure": 1016.0935378042268,
    "UV": 0.05154639175257732,
    "AmbientLight": 193.9655172413793
  },
  "2021-12-2-15-52": {
    "Temperature": 20.68,
    "Humidity": 75.859375,
    "Pressure": 1016.119783321889,
    "UV": 0.12886597938144329,
    "AmbientLight": 193.9655172413793
  },
  "2021-12-2-15-53": {
    "Temperature": 20.6,