{
  "2021-12-2-14-55": {
    "Temperature": 21.86,
    "Humidity": 75.71875,
    "Pressure": 1015.4111543450065,
    "UV": 0.02577319587628866,
    "AmbientLight": 0.0
  },
  "2021-12-2-14-56": {
    "Temperature": 21.82,
    "Humidity": 75.796875,
    "Pressure": 1015.4111543450065,
    "UV": 0.0,
    "AmbientLight": 43.103448275862064
  },
  "2021-12-2-14-57": {
    "Temperature": 21.84,
    "Humidity": 75.734375,
    "Pressure": 1015.4373998626688,
    "UV": 0.0,
    "AmbientLight": 21.551724137931032
  },
  "2021-12-2-14-58": {
    "Temperature": 21.82,
    "Humidity": 75.84375,
    "Pressure": 1015.4636453803312,
    "UV": 0.0,
    "AmbientLight": 0.0
  },
  "2021-12-2-14-59": {
    "Temperature": 21.8,
    "Humidity": 75.921875,
    "Pressure": 1015.4636453803312,
    "UV": 0.0,
    "AmbientLight": 0.0
  }
}