{
  "2021-12-1-1-0": {
    "Temperature": 17.44,
    "Humidity": 82.234375,
    "Pressure": 1009.0203707942321,
    "UV": 0.0,
    "AmbientLight": 0.0
  },
  "2021-12-1-1-1": {
    "Temperature": 17.46,
    "Humidity": 82.125,
    "Pressure": 1008.9941252765698,
    "UV": 0.0,
    "AmbientLight": 0.0
  },
  "2021-12-1-1-2": {
    "Temperature": 17.38,
    "Humidity": 82.046875,
    "Pressure": 1008.6266880292973,
    "UV": 0.0,
    "AmbientLight": 0.0
  },
  "2021-12-1-1-3": {
    "Temperature": 17.32,
    "Humidity": 82.046875,
    "Pressure": 1008.4429694056611,
    "UV": 0.0,
    "AmbientLight": 0.0
  },
  "2021-12-1-1-4": {
    "Temperature": 17.26,
    "Humidity": 82.0,
    "Pressure": 1008.3379873350118,
    "UV": 0.0,
    "AmbientLight": 0.0
  },
  "2021-12-1-1-5": {
    "Temperature": 17.22,
    "Humidity": 82.078125,
    "Pressure": 1008.3379873350118,
    "UV": 0.0,
    "AmbientLight": 21.551724137931032
  },
  "2021-12-1-1-6": {
    "Temperature": 17.22,
    "Humidity": 82.046875,
    "Pressure": 1008.272373540856,
    "UV": 0.05154639175257732,
    "AmbientLight": 0.0
  },
  "2021-12-1-1-7": {
    "Temperature": 17.18,
    "Humidity": 82.09375,
    "Pressure": 1008.2986190585184,
    "UV": 0.0,
    "AmbientLight": 0.0
  },
  "2021-12-1-1-8": {
    "Temperature": 17.16,
    "Humidity": 82.171875,
    "Pressure": 1008.3642328526741,
    "UV": 0.05154639175257732,
    "AmbientLight": 0.0
  },
  "2021-12-1-1-9": {
    "Temperature": 17.14,
    "Humidity": 82.203125,
    "Pressure": 1008.3642328526741,
    "UV": 0.05154639175257732,
    "AmbientLight": 64.6551724137931
  },
  "2021-12-1-1-10": {
    "Temperature": 17.14,
    "Humidity": 82.265625,
    "Pressure": 1008.2198825055314,
    "UV": 0.02577319587628866,
    "AmbientLight": 21.551724137931032
  },
  "2021-12-1-1-11": {
    "Temperature": 17.2,
    "Humidity": 82.3125,
    "Pressure": 1008.2461280231937,
    "UV": 0.0,
    "AmbientLight": 0.0
  },
  "2021-12-1-1-12": {
    "Temperature": 17.26,
    "Humidity": 82.359375,
    "Pressure": 1008.2461280231937,
    "UV": 0.0,
    "AmbientLight": 0.0
  },
  "2021-12-1-1-13": {
    "Temperature": 17.34,
    "Humidity": 82.328125,
    "Pressure": 1008.272373540856,
    "UV": 0.0,
    "AmbientLight": 0.0
  },
  "2021-12-1-1-14": {
    "Temperature": 17.36,
    "Humidity": 82.328125,
    "Pressure": 1008.1673914702068,
    "UV": 0.0,
    "AmbientLight": 0.0
  },
  "2021-12-1-1-15": {
    "Temperature": 17.4,
    "Humidity": 82.203125,
    "Pressure": 1007.9967956054016,
    "UV": 0.0,
    "AmbientLight": 0.0
  },
  "2021-12-1-1-16": {
    "Temperature": 17.4,
    "Humidity": 82.171875,
    "Pressure": 1007.9705500877394,
    "UV": 0.0,
    "AmbientLight": 0.0
  },
  "2021-12-1-1-17": {
    "Temperature": 17.46,
    "Humidity": 82.140625,
    "Pressure": 1007.9443045700771,
    "UV": 0.0,
    "AmbientLight": 0.0
  },
  "2021-12-1-1-18": {
    "Temperature": 17.4,
    "Humidity": 82.0625,
    "Pressure": 1007.8393224994278,
    "UV": 0.0,
    "AmbientLight": 0.0
  },
  "2021-12-1-1-19": {
    "Temperature": 17.38,
    "Humidity": 82.046875,
    "Pressure": 1007.7868314641031,
    "UV": 0.0,
    "AmbientLight": 0.0
  },
  "2021-12-1-1-20": {
    "Temperature": 17.32,
    "Humidity": 82.0625,
    "Pressure": 1007.8130769817654,
    "UV": 0.0,
    "AmbientLight": 0.0
  },
  "2021-12-1-1-21": {
    "Temperature": 17.28,
    "Humidity": 82.015625,
    "Pressure": 1007.7868314641031,
    "UV": 0.0,
    "AmbientLight": 0.0
  },
  "2021-12-1-1-22": {
    "Temperature": 17.24,
    "Humidity": 82.0,
    "Pressure": 1007.7212176699474,
    "UV": 0.0,
    "AmbientLight": 0.0
  },
  "2021-12-1-1-23": {
    "Temperature": 17.2,
    "Humidity": 82.15625,
    "Pressure": 1007.6687266346228,
    "UV": 0.0,
    "AmbientLight": 0.0
  },
  "2021-12-1-1-24": {
    "Temperature": 17.18,
    "Humidity": 82.078125,
    "Pressure": 1007.6687266346228,
    "UV": 0.02577319587628866,
    "AmbientLight": 0.0
  },
  "2021-12-1-1-25": {
    "Temperature": 17.12,
    "Humidity": 82.109375,
    "Pressure": 1007.6687266346228,
    "UV": 0.02577319587628866,
    "AmbientLight": 0.0
  },
  "2021-12-1-1-26": {
    "Temperature": 17.1,
    "Humidity": 82.140625,
    "Pressure": 1007.8130769817654,
    "UV": 0.0,
    "AmbientLight": 0.0
  },
  "2021-12-1-1-27": {
    "Temperature": 17.1,
    "Humidity": 82.28125,
    "Pressure": 1007.7868314641031,
    "UV": 0.0,
    "AmbientLight": 0.0
  },
  "2021-12-1-1-28": {
    "Temperature": 17.1,
    "Humidity": 82.328125,
    "Pressure": 1007.8655680170901,
    "UV": 0.0,
    "AmbientLight": 21.551724137931032
  },
  "2021-12-1-1-29": {
    "Temperature": 17.16,
    "Humidity": 82.359375,
    "Pressure": 1007.773708705272,
    "UV": 0.0,
    "AmbientLight": 0.0
  },
  "2021-12-1-1-30": {
    "Temperature": 17.2,
    "Humidity": 82.390625,
    "Pressure": 1007.5637445639735,
    "UV": 0.0,
    "AmbientLight": 21.551724137931032
  },
  "2021-12-1-1-31": {
    "Temperature": 17.3,
    "Humidity": 82.359375,
    "Pressure": 1007.2881666285191,
    "UV": 0.0,
    "AmbientLight": 0.0
  },
  "2021-12-1-1-32": {
    "Temperature": 17.34,
    "Humidity": 82.390625,
    "Pressure": 1007.1175707637141,
    "UV": 0.0,
    "AmbientLight": 0.0
  },
  "2021-12-1-1-33": {
    "Temperature": 17.36,
    "Humidity": 82.328125,
    "Pressure": 1007.0388342107271,
    "UV": 0.0,
    "AmbientLight": 0.0
  },
  "2021-12-1-1-34": {
    "Temperature": 17.4,
    "Humidity": 82.28125,
    "Pressure": 1007.0125886930648,
    "UV": 0.0,
    "AmbientLight": 0.0
  },
  "2021-12-1-1-35": {
    "Temperature": 17.4,
    "Humidity": 82.234375,
    "Pressure": 1006.9863431754025,
    "UV": 0.0,
    "AmbientLight": 0.0
  },
  "2021-12-1-1-36": {
    "Temperature": 17.4,
    "Humidity": 82.21875,
    "Pressure": 1006.8944838635844,
    "UV": 0.0,
    "AmbientLight": 0.0
  },
  "2021-12-1-1-37": {
    "Temperature": 17.36,
    "Humidity": 82.125,
    "Pressure": 1006.868238345922,
    "UV": 0.0,
    "AmbientLight": 0.0
  },
  "2021-12-1-1-38": {
    "Temperature": 17.34,
    "Humidity": 82.125,
    "Pressure": 1006.868238345922,
    "UV": 0.0,
    "AmbientLight": 0.0
  },
  "2021-12-1-1-39": {
    "Temperature": 17.32,
    "Humidity": 82.109375,
    "Pressure": 1006.8157473105974,
    "UV": 0.02577319587628866,
    "AmbientLight": 21.551724137931032
  },
  "2021-12-1-1-40": {
    "Temperature": 17.26,
    "Humidity": 82.015625,
    "Pressure": 1006.7895017929351,
    "UV": 0.0,
    "AmbientLight": 0.0
  },
  "2021-12-1-1-41": {
    "Temperature": 17.2,
    "Humidity": 82.078125,
    "Pressure": 1006.7895017929351,
    "UV": 0.02577319587628866,
    "AmbientLight": 0.0
  },
  "2021-12-1-1-42": {
    "Temperature": 17.16,
    "Humidity": 82.125,
    "Pressure": 1006.8419928282597,
    "UV": 0.0,
    "AmbientLight": 0.0
  },
  "2021-12-1-1-43": {
    "Temperature": 17.16,
    "Humidity": 82.171875,
    "Pressure": 1006.7895017929351,
    "UV": 0.0,
    "AmbientLight": 0.0
  },
  "2021-12-1-1-44": {
    "Temperature": 17.12,
    "Humidity": 82.15625,
    "Pressure": 1006.7107652399482,
    "UV": 0.0,
    "AmbientLight": 21.551724137931032
  },
  "2021-12-1-1-45": {
    "Temperature": 17.12,
    "Humidity": 82.203125,
    "Pressure": 1006.6189059281301,
    "UV": 0.0,
    "AmbientLight": 43.103448275862064
  },
  "2021-12-1-1-46": {
    "Temperature": 17.14,
    "Humidity": 82.265625,
    "Pressure": 1006.5664148928054,
    "UV": 0.0,
    "AmbientLight": 21.551724137931032
  },
  "2021-12-1-1-47": {
    "Temperature": 17.14,
    "Humidity": 82.421875,
    "Pressure": 1006.4876783398184,
    "UV": 0.0,
    "AmbientLight": 0.0
  },
  "2021-12-1-1-48": {
    "Temperature": 17.2,
    "Humidity": 82.453125,
    "Pressure": 1006.5664148928054,
    "UV": 0.0,
    "AmbientLight": 0.0
  },
  "2021-12-1-1-49": {
    "Temperature": 17.3,
    "Humidity": 82.5,
    "Pressure": 1006.5664148928054,
    "UV": 0.0,
    "AmbientLight": 0.0
  },
  "2021-12-1-1-50": {
    "Temperature": 17.38,