{
  "2015-10-5-21-54": {
    "Temperature": 26.36,
    "Humidity": 68.1875,
    "Pressure": 1027.5628290226596,
    "UV": 0.38659793814432986,
    "AmbientLight": 1293.1034482758619
  },
  "2015-10-5-21-55": {
    "Temperature": 26.3,
    "Humidity": 68.359375,
    "Pressure": 1027.589074540322,
    "UV": 0.38659793814432986,
    "AmbientLight": 1077.5862068965516
  },
  "2015-10-5-21-56": {
    "Temperature": 26.28,
    "Humidity": 68.3125,
    "Pressure": 1027.5365835049975,
    "UV": 0.41237113402061853,
    "AmbientLight": 1250.0
  },
  "2015-10-5-21-57": {
    "Temperature": 26.3,
    "Humidity": 68.109375,
    "Pressure": 1027.5628290226596,
    "UV": 0.41237113402061853,
    "AmbientLight": 1271.551724137931
  },
  "2015-10-5-21-58": {
    "Temperature": 26.12,
    "Humidity": 68.203125,
    "Pressure": 1027.5365835049975,
    "UV": 0.33505154639175255,
    "AmbientLight": 1056.0344827586207
  },
  "2015-10-5-21-59": {
    "Temperature": 25.98,
    "Humidity": 68.265625,
    "Pressure": 1027.5365835049975,
    "UV": 0.46391752577319584,
    "AmbientLight": 1185.3448275862067
  }
}