{
  "2021-12-2-16-0": {
    "Temperature": 17.38,
    "Humidity": 82.875,
    "Pressure": 1016.3691157396811,
    "UV": 0.05154639175257732,
    "AmbientLight": 258.6206896551724
  },
  "2021-12-2-16-1": {
    "Temperature": 17.28,
    "Humidity": 83.09375,
    "Pressure": 1016.3691157396811,
    "UV": 0.02577319587628866,
    "AmbientLight": 172.41379310344826
  },
  "2021-12-2-16-2": {
    "Temperature": 17.18,
    "Humidity": 83.046875,
    "Pressure": 1016.3166247043564,
    "UV": 0.05154639175257732,
    "AmbientLight": 237.06896551724137
  },
  "2021-12-2-16-3": {
    "Temperature": 17.1,
    "Humidity": 83.21875,
    "Pressure": 1016.4216067750057,
    "UV": 0.0,
    "AmbientLight": 150.86206896551724
  },
  "2021-12-2-16-5": {
    "Temperature": 16.98,
    "Humidity": 83.375,
    "Pressure": 1016.3953612573434,
    "UV": 0.0,
    "AmbientLight": 150.86206896551724
  },
  "2021-12-2-16-6": {
    "Temperature": 16.94,
    "Humidity": 83.53125,
    "Pressure": 1016.3691157396811,
    "UV": 0.0,
    "AmbientLight": 193.9655172413793
  },
  "2021-12-2-16-7": {
    "Temperature": 16.94,
    "Humidity": 83.90625,
    "Pressure": 1016.4216067750057,
    "UV": 0.0,
    "AmbientLight": 150.86206896551724
  },
  "2021-12-2-16-8": {
    "Temperature": 16.92,
    "Humidity": 84.484375,
    "Pressure": 1016.5134660868239,
    "UV": 0.02577319587628866,
    "AmbientLight": 193.9655172413793
  },
  "2021-12-2-16-9": {
    "Temperature": 16.94,
    "Humidity": 85.203125,
    "Pressure": 1016.4740978103304,
    "UV": 0.02577319587628866,
    "AmbientLight": 107.75862068965516
  },
  "2021-12-2-16-10": {
    "Temperature": 16.98,
    "Humidity": 85.328125,
    "Pressure": 1016.4872205691615,
    "UV": 0.0,
    "AmbientLight": 172.41379310344826
  },
  "2021-12-2-16-11": {
    "Temperature": 16.96,
    "Humidity": 85.25,
    "Pressure": 1016.447852292668,
    "UV": 0.07731958762886597,
    "AmbientLight": 193.9655172413793
  },
  "2021-12-2-16-12": {
    "Temperature": 16.9,
    "Humidity": 85.421875,
    "Pressure": 1016.447852292668,
    "UV": 0.05154639175257732,
    "AmbientLight": 107.75862068965516
  },
  "2021-12-2-16-13": {
    "Temperature": 16.88,
    "Humidity": 85.5625,
    "Pressure": 1016.4872205691615,
    "UV": 0.0,
    "AmbientLight": 107.75862068965516
  },
  "2021-12-2-16-14": {
    "Temperature": 16.9,
    "Humidity": 85.625,
    "Pressure": 1016.4872205691615,
    "UV": 0.0,
    "AmbientLight": 64.6551724137931
  },
  "2021-12-2-16-16": {
    "Temperature": 16.86,
    "Humidity": 86.09375,
    "Pressure": 1016.5397116044861,
    "UV": 0.0,
    "AmbientLight": 43.103448275862064
  },
  "2021-12-2-16-17": {
    "Temperature": 16.94,
    "Humidity": 86.28125,
    "Pressure": 1016.5134660868239,
    "UV": 0.0,
    "AmbientLight": 150.86206896551724
  },
  "2021-12-2-16-18": {
    "Temperature": 17.22,
    "Humidity": 86.609375,
    "Pressure": 1016.5659571221485,
    "UV": 0.0,
    "AmbientLight": 86.20689655172413
  },
  "2021-12-2-16-19": {
    "Temperature": 17.72,
    "Humidity": 87.0625,
    "Pressure": 1016.6184481574732,
    "UV": 0.0,
    "AmbientLight": 43.103448275862064
  },
  "2021-12-2-16-20": {
    "Temperature": 18.04,
    "Humidity": 86.46875,
    "Pressure": 1016.5922026398108,
    "UV": 0.0,
    "AmbientLight": 43.103448275862064
  },
  "2021-12-2-16-21": {
    "Temperature": 18.08,
    "Humidity": 85.625,
    "Pressure": 1016.5659571221485,
    "UV": 0.0,
    "AmbientLight": 43.103448275862064
  },
  "2021-12-2-16-22": {
    "Temperature": 17.94,
    "Humidity": 84.953125,
    "Pressure": 1016.5922026398108,
    "UV": 0.02577319587628866,
    "AmbientLight": 43.103448275862064
  },
  "2021-12-2-16-23": {
    "Temperature": 17.76,
    "Humidity": 84.765625,
    "Pressure": 1016.5922026398108,
    "UV": 0.0,
    "AmbientLight": 86.20689655172413
  },
  "2021-12-2-16-24": {
    "Temperature": 17.58,
    "Humidity": 84.96875,
    "Pressure": 1016.5397116044861,
    "UV": 0.0,
    "AmbientLight": 64.6551724137931
  },
  "2021-12-2-16-25": {
    "Temperature": 17.46,
    "Humidity": 85.34375,
    "Pressure": 1016.5134660868239,
    "UV": 0.0,
    "AmbientLight": 86.20689655172413
  },
  "2021-12-2-16-26": {
    "Temperature": 17.32,
    "Humidity": 85.328125,
    "Pressure": 1016.5659571221485,
    "UV": 0.05154639175257732,
    "AmbientLight": 21.551724137931032
  },
  "2021-12-2-16-27": {
    "Temperature": 17.18,
    "Humidity": 85.34375,
    "Pressure": 1016.4872205691615,
    "UV": 0.0,
    "AmbientLight": 43.103448275862064
  },
  "2021-12-2-16-28": {
    "Temperature": 17.02,
    "Humidity": 85.40625,
    "Pressure": 1016.5922026398108,
    "UV": 0.0,
    "AmbientLight": 21.551724137931032
  },
  "2021-12-2-16-29": {
    "Temperature": 16.88,
    "Humidity": 85.6875,
    "Pressure": 1016.5397116044861,
    "UV": 0.0,
    "AmbientLight": 43.103448275862064
  },
  "2021-12-2-16-30": {
    "Temperature": 16.72,
    "Humidity": 85.921875,
    "Pressure": 1016.5134660868239,
    "UV": 0.0,
    "AmbientLight": 43.103448275862064
  },
  "2021-12-2-16-31": {
    "Temperature": 16.64,
    "Humidity": 86.109375,
    "Pressure": 1016.5134660868239,
    "UV": 0.02577319587628866,
    "AmbientLight": 21.551724137931032
  },
  "2021-12-2-16-32": {
    "Temperature": 16.52,
    "Humidity": 86.265625,
    "Pressure": 1016.4740978103304,
    "UV": 0.0,
    "AmbientLight": 43.103448275862064
  },
  "2021-12-2-16-33": {
    "Temperature": 16.46,
    "Humidity": 86.53125,
    "Pressure": 1016.5134660868239,
    "UV": 0.0,
    "AmbientLight": 0.0
  },
  "2021-12-2-16-34": {
    "Temperature": 16.42,
    "Humidity": 86.703125,
    "Pressure": 1016.4872205691615,
    "UV": 0.0,
    "AmbientLight": 43.103448275862064
  },
  "2021-12-2-16-35": {
    "Temperature": 16.4,
    "Humidity": 86.90625,
    "Pressure": 1016.4872205691615,
    "UV": 0.0,
    "AmbientLight": 0.0
  },
  "2021-12-2-16-36": {
    "Temperature": 16.5,
    "Humidity": 87.125,
    "Pressure": 1016.5134660868239,
    "UV": 0.05154639175257732,
    "AmbientLight": 0.0
  },
  "2021-12-2-16-37": {
    "Temperature": 16.8,
    "Humidity": 87.5,
    "Pressure": 1016.5134660868239,
    "UV": 0.0,
    "AmbientLight": 21.551724137931032
  },
  "2021-12-2-16-38": {
    "Temperature": 17.44,
    "Humidity": 88.015625,
    "Pressure": 1016.5134660868239,
    "UV": 0.0,
    "AmbientLight": 0.0
  },
  "2021-12-2-16-39": {
    "Temperature": 18.26,
    "Humidity": 88.359375,
    "Pressure": 1016.4872205691615,
    "UV": 0.02577319587628866,
    "AmbientLight": 21.551724137931032
  },
  "2021-12-2-16-40": {
    "Temperature": 18.84,
    "Humidity": 87.390625,
    "Pressure": 1016.4740978103304,
    "UV": 0.0,
    "AmbientLight": 0.0
  },
  "2021-12-2-16-41": {
    "Temperature": 19.18,
    "Humidity": 85.5,
    "Pressure": 1016.5134660868239,
    "UV": 0.0,
    "AmbientLight": 0.0
  },
  "2021-12-2-16-42": {
    "Temperature": 19.34,
    "Humidity": 84.375,
    "Pressure": 1016.4872205691615,
    "UV": 0.05154639175257732,
    "AmbientLight": 0.0
  },
  "2021-12-2-16-43": {
    "Temperature": 19.2,
    "Humidity": 83.375,
    "Pressure": 1016.5397116044861,
    "UV": 0.0,
    "AmbientLight": 64.6551724137931
  },
  "2021-12-2-16-44": {
    "Temperature": 18.88,
    "Humidity": 82.640625,
    "Pressure": 1016.6184481574732,
    "UV": 0.0,
    "AmbientLight": 43.103448275862064
  },
  "2021-12-2-16-45": {
    "Temperature": 18.52,
    "Humidity": 82.328125,
    "Pressure": 1016.6184481574732,
    "UV": 0.0,
    "AmbientLight": 43.103448275862064
  },
  "2021-12-2-16-46": {
    "Temperature": 18.22,
    "Humidity": 82.21875,
    "Pressure": 1016.6315709163042,
    "UV": 0.0,
    "AmbientLight": 21.551724137931032
  },
  "2021-12-2-16-47": {
    "Temperature": 17.92,
    "Humidity": 82.265625,
    "Pressure": 1016.6578164339666,
    "UV": 0.0,
    "AmbientLight": 0.0
  },
  "2021-12-2-16-48": {
    "Temperature": 17.68,
    "Humidity": 82.40625,
    "Pressure": 1016.6578164339666,
    "UV": 0.0,