{
  "2021-12-2-14-54": {
    "Temperature": 24.26,
    "Humidity": 69.78125,
    "Pressure": 1015.5948729686427,
    "UV": 0.25773195876288657,
    "AmbientLight": 969.8275862068965
  },
  "2021-12-2-14-55": {
    "Temperature": 23.92,
    "Humidity": 70.546875,
    "Pressure": 1015.5686274509804,
    "UV": 0.3092783505154639,
    "AmbientLight": 991.3793103448276
  },
  "2021-12-2-14-56": {
    "Temperature": 23.68,
    "Humidity": 71.015625,
    "Pressure": 1015.6473640039674,
    "UV": 0.23195876288659792,
    "AmbientLight": 969.8275862068965
  },
  "2021-12-2-14-57": {
    "Temperature": 23.52,
    "Humidity": 71.3125,
    "Pressure": 1015.6473640039674,
    "UV": 0.23195876288659792,
    "AmbientLight": 969.8275862068965
  },
  "2021-12-2-14-58": {
    "Temperature": 23.4,
    "Humidity": 71.65625,
    "Pressure": 1015.6473640039674,
    "UV": 0.25773195876288657,
    "AmbientLight": 948.2758620689655
  },
  "2021-12-2-14-59": {
    "Temperature": 23.16,
    "Humidity": 72.109375,
    "Pressure": 1015.6473640039674,
    "UV": 0.33505154639175255,
    "AmbientLight": 991.3793103448276
  }
}