{
  "2021-12-2-17-0": {
    "Temperature": 20.02,
    "Humidity": 83.53125,
    "Pressure": 1017.0777447165636,
    "UV": 0.05154639175257732,
    "AmbientLight": 0.0
  },
  "2021-12-2-17-1": {
    "Temperature": 20.4,
    "Humidity": 81.84375,
    "Pressure": 1017.0777447165636,
    "UV": 0.0,
    "AmbientLight": 0.0
  },
  "2021-12-2-17-2": {
    "Temperature": 20.24,
    "Humidity": 80.0625,
    "Pressure": 1017.0777447165636,
    "UV": 0.0,
    "AmbientLight": 0.0
  },
  "2021-12-2-17-3": {
    "Temperature": 19.96,
    "Humidity": 79.09375,
    "Pressure": 1017.0252536812391,
    "UV": 0.02577319587628866,
    "AmbientLight": 21.551724137931032
  },
  "2021-12-2-17-4": {
    "Temperature": 19.58,
    "Humidity": 78.5,
    "Pressure": 1017.0252536812391,
    "UV": 0.02577319587628866,
    "AmbientLight": 0.0
  },
  "2021-12-2-17-5": {
    "Temperature": 19.16,
    "Humidity": 78.234375,
    "Pressure": 1017.0514991989013,
    "UV": 0.05154639175257732,
    "AmbientLight": 21.551724137931032
  },
  "2021-12-2-17-6": {
    "Temperature": 18.78,
    "Humidity": 78.328125,
    "Pressure": 1016.9858854047455,
    "UV": 0.0,
    "AmbientLight": 21.551724137931032
  },
  "2021-12-2-17-7": {
    "Temperature": 18.44,
    "Humidity": 78.59375,
    "Pressure": 1017.0514991989013,
    "UV": 0.0,
    "AmbientLight": 43.103448275862064
  },
  "2021-12-2-17-8": {
    "Temperature": 18.12,
    "Humidity": 78.921875,
    "Pressure": 1017.0252536812391,
    "UV": 0.02577319587628866,
    "AmbientLight": 0.0
  },
  "2021-12-2-17-9": {
    "Temperature": 17.84,
    "Humidity": 79.40625,
    "Pressure": 1017.0777447165636,
    "UV": 0.02577319587628866,
    "AmbientLight": 0.0
  },
  "2021-12-2-17-10": {
    "Temperature": 17.58,
    "Humidity": 79.78125,
    "Pressure": 1017.1302357518883,
    "UV": 0.05154639175257732,
    "AmbientLight": 21.551724137931032
  },
  "2021-12-2-17-11": {
    "Temperature": 17.42,
    "Humidity": 80.21875,
    "Pressure": 1017.1302357518883,
    "UV": 0.0,
    "AmbientLight": 0.0
  },
  "2021-12-2-17-12": {
    "Temperature": 17.3,
    "Humidity": 80.796875,
    "Pressure": 1017.1302357518883,
    "UV": 0.0,
    "AmbientLight": 0.0
  },
  "2021-12-2-17-13": {
    "Temperature": 17.18,
    "Humidity": 81.09375,
    "Pressure": 1017.1302357518883,
    "UV": 0.0,
    "AmbientLight": 0.0
  },
  "2021-12-2-17-14": {
    "Temperature": 17.3,
    "Humidity": 81.625,
    "Pressure": 1017.1827267872129,
    "UV": 0.0,
    "AmbientLight": 0.0
  },
  "2021-12-2-17-15": {
    "Temperature": 17.64,
    "Humidity": 82.1875,
    "Pressure": 1017.1827267872129,
    "UV": 0.0,
    "AmbientLight": 21.551724137931032
  },
  "2021-12-2-17-16": {
    "Temperature": 18.14,
    "Humidity": 82.5625,
    "Pressure": 1017.2483405813688,
    "UV": 0.0,
    "AmbientLight": 0.0
  },
  "2021-12-2-17-17": {
    "Temperature": 18.8,
    "Humidity": 82.625,
    "Pressure": 1017.2220950637064,
    "UV": 0.05154639175257732,
    "AmbientLight": 0.0
  },
  "2021-12-2-17-18": {
    "Temperature": 19.6,
    "Humidity": 82.765625,
    "Pressure": 1017.2483405813688,
    "UV": 0.05154639175257732,
    "AmbientLight": 0.0
  },
  "2021-12-2-17-19": {
    "Temperature": 20.26,
    "Humidity": 81.953125,
    "Pressure": 1017.1827267872129,
    "UV": 0.0,
    "AmbientLight": 0.0
  },
  "2021-12-2-17-20": {
    "Temperature": 20.44,
    "Humidity": 80.21875,
    "Pressure": 1017.274586099031,
    "UV": 0.0,
    "AmbientLight": 0.0
  },
  "2021-12-2-17-21": {
    "Temperature": 20.34,
    "Humidity": 78.859375,
    "Pressure": 1017.2483405813688,
    "UV": 0.0,
    "AmbientLight": 0.0
  },
  "2021-12-2-17-22": {
    "Temperature": 20.0,
    "Humidity": 77.953125,
    "Pressure": 1017.2483405813688,
    "UV": 0.05154639175257732,
    "AmbientLight": 43.103448275862064
  },
  "2021-12-2-17-23": {
    "Temperature": 19.56,
    "Humidity": 77.328125,
    "Pressure": 1017.3008316166934,
    "UV": 0.02577319587628866,
    "AmbientLight": 0.0
  },
  "2021-12-2-17-24": {
    "Temperature": 19.04,
    "Humidity": 77.265625,
    "Pressure": 1017.274586099031,
    "UV": 0.05154639175257732,
    "AmbientLight": 0.0
  },
  "2021-12-2-17-25": {
    "Temperature": 18.66,
    "Humidity": 77.453125,
    "Pressure": 1017.3270771343557,
    "UV": 0.0,
    "AmbientLight": 0.0
  },
  "2021-12-2-17-26": {
    "Temperature": 18.26,
    "Humidity": 77.828125,
    "Pressure": 1017.2483405813688,
    "UV": 0.02577319587628866,
    "AmbientLight": 21.551724137931032
  },
  "2021-12-2-17-27": {
    "Temperature": 17.98,
    "Humidity": 78.328125,
    "Pressure": 1017.3008316166934,
    "UV": 0.0,
    "AmbientLight": 0.0
  },
  "2021-12-2-17-28": {
    "Temperature": 17.66,
    "Humidity": 78.609375,
    "Pressure": 1017.3008316166934,
    "UV": 0.02577319587628866,
    "AmbientLight": 0.0
  },
  "2021-12-2-17-29": {
    "Temperature": 17.46,
    "Humidity": 79.046875,
    "Pressure": 1017.3270771343557,
    "UV": 0.05154639175257732,
    "AmbientLight": 0.0
  },
  "2021-12-2-17-30": {
    "Temperature": 17.26,
    "Humidity": 79.5625,
    "Pressure": 1017.4058136873426,
    "UV": 0.02577319587628866,
    "AmbientLight": 0.0
  },
  "2021-12-2-17-31": {
    "Temperature": 17.12,
    "Humidity": 79.953125,
    "Pressure": 1017.432059205005,
    "UV": 0.02577319587628866,
    "AmbientLight": 21.551724137931032
  }
}