{
  "2021-12-2-15-0": {
    "Temperature": 24.78,
    "Humidity": 70.375,
    "Pressure": 1015.9360646982528,
    "UV": 2.036082474226804,
    "AmbientLight": 2672.413793103448
  },
  "2021-12-2-15-1": {
    "Temperature": 24.92,
    "Humidity": 69.984375,
    "Pressure": 1015.9623102159152,
    "UV": 1.6752577319587627,
    "AmbientLight": 2133.620689655172
  },
  "2021-12-2-15-2": {
    "Temperature": 24.98,
    "Humidity": 69.875,
    "Pressure": 1015.9360646982528,
    "UV": 0.38659793814432986,
    "AmbientLight": 1077.5862068965516
  },
  "2021-12-2-15-3": {
    "Temperature": 25.06,
    "Humidity": 69.734375,
    "Pressure": 1015.9885557335775,
    "UV": 0.3092783505154639,
    "AmbientLight": 862.0689655172413
  },
  "2021-12-2-15-4": {
    "Temperature": 25.12,
    "Humidity": 69.6875,
    "Pressure": 1016.0410467689021,
    "UV": 0.38659793814432986,
    "AmbientLight": 1056.0344827586207
  },
  "2021-12-2-15-5": {
    "Temperature": 25.18,
    "Humidity": 69.5,
    "Pressure": 1016.0148012512398,
    "UV": 0.28350515463917525,
    "AmbientLight": 905.1724137931034
  },
  "2021-12-2-15-6": {
    "Temperature": 25.24,
    "Humidity": 69.28125,
    "Pressure": 1015.9885557335775,
    "UV": 0.33505154639175255,
    "AmbientLight": 948.2758620689655
  },
  "2021-12-2-15-7": {
    "Temperature": 25.08,
    "Humidity": 69.3125,
    "Pressure": 1016.0410467689021,
    "UV": 0.25773195876288657,
    "AmbientLight": 732.7586206896551
  },
  "2021-12-2-15-8": {
    "Temperature": 25.12,
    "Humidity": 69.28125,
    "Pressure": 1016.0935378042268,
    "UV": 0.5412371134020618,
    "AmbientLight": 1120.6896551724137
  },
  "2021-12-2-15-9": {
    "Temperature": 24.9,
    "Humidity": 69.515625,
    "Pressure": 1016.0935378042268,
    "UV": 0.25773195876288657,
    "AmbientLight": 797.4137931034483
  },
  "2021-12-2-15-10": {
    "Temperature": 24.8,
    "Humidity": 69.65625,
    "Pressure": 1016.0672922865645,
    "UV": 0.7989690721649484,
    "AmbientLight": 4956.896551724138
  },
  "2021-12-2-15-11": {
    "Temperature": 24.68,
    "Humidity": 69.734375,
    "Pressure": 1016.0935378042268,
    "UV": 0.902061855670103,
    "AmbientLight": 4590.51724137931
  },
  "2021-12-2-15-12": {
    "Temperature": 24.58,
    "Humidity": 69.78125,
    "Pressure": 1016.0410467689021,
    "UV": 0.23195876288659792,
    "AmbientLight": 732.7586206896551
  },
  "2021-12-2-15-13": {
    "Temperature": 24.42,
    "Humidity": 69.984375,
    "Pressure": 1016.0935378042268,
    "UV": 0.7731958762886597,
    "AmbientLight": 3771.5517241379307
  },
  "2021-12-2-15-14": {
    "Temperature": 24.18,
    "Humidity": 70.25,
    "Pressure": 1016.1329060807202,
    "UV": 0.7731958762886597,
    "AmbientLight": 1724.1379310344826
  },
  "2021-12-2-15-15": {
    "Temperature": 23.92,
    "Humidity": 70.515625,
    "Pressure": 1016.1591515983826,
    "UV": 0.5154639175257731,
    "AmbientLight": 862.0689655172413
  },
  "2021-12-2-15-16": {
    "Temperature": 23.7,
    "Humidity": 70.8125,
    "Pressure": 1016.1591515983826,
    "UV": 0.41237113402061853,
    "AmbientLight": 905.1724137931034
  },
  "2021-12-2-15-17": {
    "Temperature": 23.46,
    "Humidity": 71.09375,
    "Pressure": 1016.119783321889,
    "UV": 0.23195876288659792,
    "AmbientLight": 732.7586206896551
  },
  "2021-12-2-15-18": {
    "Temperature": 23.28,
    "Humidity": 71.40625,
    "Pressure": 1016.1853971160449,
    "UV": 0.5670103092783505,
    "AmbientLight": 1465.5172413793102
  },
  "2021-12-2-15-19": {
    "Temperature": 23.08,
    "Humidity": 71.65625,
    "Pressure": 1016.1591515983826,
    "UV": 0.46391752577319584,
    "AmbientLight": 1056.0344827586207
  },
  "2021-12-2-15-20": {
    "Temperature": 22.98,
    "Humidity": 71.875,
    "Pressure": 1016.2116426337071,
    "UV": 0.43814432989690716,
    "AmbientLight": 2133.620689655172
  },
  "2021-12-2-15-21": {
    "Temperature": 22.8,
    "Humidity": 72.140625,
    "Pressure": 1016.1853971160449,
    "UV": 0.1804123711340206,
    "AmbientLight": 711.2068965517241
  },
  "2021-12-2-15-22": {
    "Temperature": 22.66,
    "Humidity": 72.4375,
    "Pressure": 1016.2116426337071,
    "UV": 0.3092783505154639,
    "AmbientLight": 711.2068965517241
  },
  "2021-12-2-15-23": {
    "Temperature": 22.5,
    "Humidity": 72.609375,
    "Pressure": 1016.2903791866942,
    "UV": 0.12886597938144329,
    "AmbientLight": 603.448275862069
  },
  "2021-12-2-15-24": {
    "Temperature": 22.36,
    "Humidity": 72.859375,
    "Pressure": 1016.3428702220187,
    "UV": 0.43814432989690716,
    "AmbientLight": 1056.0344827586207
  },
  "2021-12-2-15-25": {
    "Temperature": 22.22,
    "Humidity": 73.109375,
    "Pressure": 1016.3166247043564,
    "UV": 0.1804123711340206,
    "AmbientLight": 603.448275862069
  },
  "2021-12-2-15-26": {
    "Temperature": 22.1,
    "Humidity": 73.34375,
    "Pressure": 1016.3559929808499,
    "UV": 0.20618556701030927,
    "AmbientLight": 625.0
  },
  "2021-12-2-15-27": {
    "Temperature": 21.96,
    "Humidity": 73.625,
    "Pressure": 1016.3428702220187,
    "UV": 0.41237113402061853,
    "AmbientLight": 1206.896551724138
  },
  "2021-12-2-15-28": {
    "Temperature": 21.84,
    "Humidity": 73.703125,
    "Pressure": 1016.3428702220187,
    "UV": 0.23195876288659792,
    "AmbientLight": 495.6896551724138
  },
  "2021-12-2-15-29": {
    "Temperature": 21.74,
    "Humidity": 73.984375,
    "Pressure": 1016.3428702220187,
    "UV": 0.23195876288659792,
    "AmbientLight": 581.8965517241379
  },
  "2021-12-2-15-30": {
    "Temperature": 21.6,
    "Humidity": 74.0625,
    "Pressure": 1016.3822384985123,
    "UV": 0.20618556701030927,
    "AmbientLight": 517.2413793103448
  },
  "2021-12-2-15-31": {
    "Temperature": 21.5,
    "Humidity": 74.265625,
    "Pressure": 1016.3559929808499,
    "UV": 0.28350515463917525,
    "AmbientLight": 560.3448275862069
  },
  "2021-12-2-15-32": {
    "Temperature": 21.38,
    "Humidity": 74.484375,
    "Pressure": 1016.3559929808499,
    "UV": 0.33505154639175255,
    "AmbientLight": 1163.7931034482758
  },
  "2021-12-2-15-33": {
    "Temperature": 21.3,
    "Humidity": 74.5625,
    "Pressure": 1016.3428702220187,
    "UV": 0.25773195876288657,
    "AmbientLight": 560.3448275862069
  },
  "2021-12-2-15-34": {
    "Temperature": 21.18,
    "Humidity": 74.78125,
    "Pressure": 1016.3428702220187,
    "UV": 0.33505154639175255,
    "AmbientLight": 711.2068965517241
  },
  "2021-12-2-15-35": {
    "Temperature": 21.1,
    "Humidity": 74.890625,
    "Pressure": 1016.3428702220187,
    "UV": 0.33505154639175255,
    "AmbientLight": 1228.4482758620688
  },
  "2021-12-2-15-36": {
    "Temperature": 20.98,
    "Humidity": 75.140625,
    "Pressure": 1016.2903791866942,
    "UV": 0.12886597938144329,
    "AmbientLight": 452.5862068965517
  },
  "2021-12-2-15-37": {
    "Temperature": 20.8,
    "Humidity": 75.328125,
    "Pressure": 1016.3428702220187,
    "UV": 0.25773195876288657,
    "AmbientLight": 1012.9310344827585
  },
  "2021-12-2-15-38": {
    "Temperature": 20.68,
    "Humidity": 75.5,
    "Pressure": 1016.3559929808499,
    "UV": 0.23195876288659792,
    "AmbientLight": 646.5517241379309
  },
  "2021-12-2-15-39": {
    "Temperature": 20.56,
    "Humidity": 75.71875,
    "Pressure": 1016.3428702220187,
    "UV": 0.28350515463917525,
    "AmbientLight": 797.4137931034483
  },
  "2021-12-2-15-40": {
    "Temperature": 20.42,
    "Humidity": 76.03125,
    "Pressure": 1016.3559929808499,
    "UV": 0.15463917525773194,
    "AmbientLight": 431.03448275862064
  },
  "2021-12-2-15-41": {
    "Temperature": 20.32,
    "Humidity": 76.046875,
    "Pressure": 1016.3559929808499,
    "UV": 0.15463917525773194,
    "AmbientLight": 387.9310344827586
  },
  "2021-12-2-15-42": {
    "Temperature": 20.18,
    "Humidity": 76.203125,
    "Pressure": 1016.4084840161746,
    "UV": 0.12886597938144329,
    "AmbientLight": 366.37931034482756
  },
  "2021-12-2-15-43": {
    "Temperature": 20.08,
    "Humidity": 76.390625,