{
  "2021-12-2-16-0": {
    "Temperature": 17.96,
    "Humidity": 79.21875,
    "Pressure": 1016.5397116044861,
    "UV": 0.02577319587628866,
    "AmbientLight": 193.9655172413793
  },
  "2021-12-2-16-1": {
    "Temperature": 17.86,
    "Humidity": 79.390625,
    "Pressure": 1016.5528343633173,
    "UV": 0.07731958762886597,
    "AmbientLight": 323.27586206896547
  },
  "2021-12-2-16-2": {
    "Temperature": 17.74,
    "Humidity": 79.84375,
    "Pressure": 1016.605325398642,
    "UV": 0.10309278350515463,
    "AmbientLight": 301.7241379310345
  },
  "2021-12-2-16-3": {
    "Temperature": 17.72,
    "Humidity": 80.0,
    "Pressure": 1016.5528343633173,
    "UV": 0.05154639175257732,
    "AmbientLight": 193.9655172413793
  },
  "2021-12-2-16-4": {
    "Temperature": 17.66,
    "Humidity": 80.3125,
    "Pressure": 1016.6578164339666,
    "UV": 0.02577319587628866,
    "AmbientLight": 107.75862068965516
  },
  "2021-12-2-16-5": {
    "Temperature": 17.66,
    "Humidity": 80.90625,
    "Pressure": 1016.6578164339666,
    "UV": 0.05154639175257732,
    "AmbientLight": 193.9655172413793
  },
  "2021-12-2-16-6": {
    "Temperature": 17.6,
    "Humidity": 81.25,
    "Pressure": 1016.6315709163042,
    "UV": 0.05154639175257732,
    "AmbientLight": 107.75862068965516
  },
  "2021-12-2-16-7": {
    "Temperature": 17.62,
    "Humidity": 81.6875,
    "Pressure": 1016.6315709163042,
    "UV": 0.05154639175257732,
    "AmbientLight": 215.51724137931032
  },
  "2021-12-2-16-8": {
    "Temperature": 17.64,
    "Humidity": 81.875,
    "Pressure": 1016.6578164339666,
    "UV": 0.10309278350515463,
    "AmbientLight": 150.86206896551724
  },
  "2021-12-2-16-9": {
    "Temperature": 17.64,
    "Humidity": 81.984375,
    "Pressure": 1016.7103074692913,
    "UV": 0.02577319587628866,
    "AmbientLight": 193.9655172413793
  },
  "2021-12-2-16-10": {
    "Temperature": 17.7,
    "Humidity": 82.328125,
    "Pressure": 1016.6840619516289,
    "UV": 0.05154639175257732,
    "AmbientLight": 150.86206896551724
  },
  "2021-12-2-16-11": {
    "Temperature": 17.68,
    "Humidity": 82.734375,
    "Pressure": 1016.7103074692913,
    "UV": 0.12886597938144329,
    "AmbientLight": 172.41379310344826
  },
  "2021-12-2-16-12": {
    "Temperature": 17.64,
    "Humidity": 82.703125,
    "Pressure": 1016.7627985046158,
    "UV": 0.05154639175257732,
    "AmbientLight": 107.75862068965516
  },
  "2021-12-2-16-13": {
    "Temperature": 17.64,
    "Humidity": 82.984375,
    "Pressure": 1016.7103074692913,
    "UV": 0.02577319587628866,
    "AmbientLight": 150.86206896551724
  },
  "2021-12-2-16-14": {
    "Temperature": 17.62,
    "Humidity": 83.21875,
    "Pressure": 1016.7365529869535,
    "UV": 0.12886597938144329,
    "AmbientLight": 86.20689655172413
  },
  "2021-12-2-16-15": {
    "Temperature": 17.62,
    "Humidity": 83.375,
    "Pressure": 1016.8021667811093,
    "UV": 0.02577319587628866,
    "AmbientLight": 107.75862068965516
  },
  "2021-12-2-16-16": {
    "Temperature": 17.72,
    "Humidity": 83.484375,
    "Pressure": 1016.8021667811093,
    "UV": 0.10309278350515463,
    "AmbientLight": 107.75862068965516
  },
  "2021-12-2-16-17": {
    "Temperature": 17.92,
    "Humidity": 83.671875,
    "Pressure": 1016.7627985046158,
    "UV": 0.05154639175257732,
    "AmbientLight": 86.20689655172413
  },
  "2021-12-2-16-18": {
    "Temperature": 18.24,
    "Humidity": 83.84375,
    "Pressure": 1016.8021667811093,
    "UV": 0.10309278350515463,
    "AmbientLight": 64.6551724137931
  },
  "2021-12-2-16-19": {
    "Temperature": 18.68,
    "Humidity": 84.046875,
    "Pressure": 1016.8021667811093,
    "UV": 0.05154639175257732,
    "AmbientLight": 86.20689655172413
  },
  "2021-12-2-16-20": {
    "Temperature": 18.94,
    "Humidity": 83.375,
    "Pressure": 1016.8284122987717,
    "UV": 0.02577319587628866,
    "AmbientLight": 21.551724137931032
  },
  "2021-12-2-16-21": {
    "Temperature": 18.9,
    "Humidity": 82.609375,
    "Pressure": 1016.8546578164339,
    "UV": 0.05154639175257732,
    "AmbientLight": 86.20689655172413
  },
  "2021-12-2-16-22": {
    "Temperature": 18.68,
    "Humidity": 82.15625,
    "Pressure": 1016.8284122987717,
    "UV": 0.02577319587628866,
    "AmbientLight": 21.551724137931032
  },
  "2021-12-2-16-23": {
    "Temperature": 18.46,
    "Humidity": 82.140625,
    "Pressure": 1016.775921263447,
    "UV": 0.0,
    "AmbientLight": 86.20689655172413
  },
  "2021-12-2-16-24": {
    "Temperature": 18.28,
    "Humidity": 82.03125,
    "Pressure": 1016.8284122987717,
    "UV": 0.0,
    "AmbientLight": 86.20689655172413
  },
  "2021-12-2-16-25": {
    "Temperature": 18.16,
    "Humidity": 82.125,
    "Pressure": 1016.775921263447,
    "UV": 0.07731958762886597,
    "AmbientLight": 86.20689655172413
  },
  "2021-12-2-16-26": {
    "Temperature": 18.06,
    "Humidity": 82.109375,
    "Pressure": 1016.8021667811093,
    "UV": 0.0,
    "AmbientLight": 43.103448275862064
  },
  "2021-12-2-16-27": {
    "Temperature": 17.88,
    "Humidity": 82.1875,
    "Pressure": 1016.775921263447,
    "UV": 0.02577319587628866,
    "AmbientLight": 0.0
  },
  "2021-12-2-16-28": {
    "Temperature": 17.7,
    "Humidity": 82.515625,
    "Pressure": 1016.8021667811093,
    "UV": 0.0,
    "AmbientLight": 43.103448275862064
  },
  "2021-12-2-16-29": {
    "Temperature": 17.54,
    "Humidity": 82.734375,
    "Pressure": 1016.8021667811093,
    "UV": 0.02577319587628866,
    "AmbientLight": 43.103448275862064
  },
  "2021-12-2-16-30": {
    "Temperature": 17.44,
    "Humidity": 82.8125,
    "Pressure": 1016.7627985046158,
    "UV": 0.02577319587628866,
    "AmbientLight": 43.103448275862064
  },
  "2021-12-2-16-31": {
    "Temperature": 17.28,
    "Humidity": 83.140625,
    "Pressure": 1016.7103074692913,
    "UV": 0.05154639175257732,
    "AmbientLight": 0.0
  },
  "2021-12-2-16-32": {
    "Temperature": 17.2,
    "Humidity": 83.3125,
    "Pressure": 1016.7103074692913,
    "UV": 0.0,
    "AmbientLight": 0.0
  },
  "2021-12-2-16-33": {
    "Temperature": 17.16,
    "Humidity": 83.484375,
    "Pressure": 1016.7365529869535,
    "UV": 0.02577319587628866,
    "AmbientLight": 0.0
  },
  "2021-12-2-16-34": {
    "Temperature": 17.12,
    "Humidity": 83.75,
    "Pressure": 1016.6840619516289,
    "UV": 0.0,
    "AmbientLight": 64.6551724137931
  },
  "2021-12-2-16-35": {
    "Temperature": 17.18,
    "Humidity": 84.09375,
    "Pressure": 1016.7627985046158,
    "UV": 0.0,
    "AmbientLight": 0.0
  },
  "2021-12-2-16-36": {
    "Temperature": 17.38,
    "Humidity": 84.296875,
    "Pressure": 1016.7365529869535,
    "UV": 0.02577319587628866,
    "AmbientLight": 43.103448275862064
  },
  "2021-12-2-16-37": {
    "Temperature": 17.76,
    "Humidity": 84.703125,
    "Pressure": 1016.7365529869535,
    "UV": 0.0,
    "AmbientLight": 0.0
  },
  "2021-12-2-16-38": {
    "Temperature": 18.38,
    "Humidity": 85.109375,
    "Pressure": 1016.7103074692913,
    "UV": 0.05154639175257732,
    "AmbientLight": 0.0
  },
  "2021-12-2-16-39": {
    "Temperature": 19.16,
    "Humidity": 85.046875,
    "Pressure": 1016.8021667811093,
    "UV": 0.05154639175257732,
    "AmbientLight": 0.0
  },
  "2021-12-2-16-40": {
    "Temperature": 19.9,
    "Humidity": 84.328125,
    "Pressure": 1016.7627985046158,
    "UV": 0.02577319587628866,
    "AmbientLight": 43.103448275862064
  },
  "2021-12-2-16-41": {
    "Temperature": 20.36,
    "Humidity": 83.078125,
    "Pressure": 1016.775921263447,
    "UV": 0.0,
    "AmbientLight": 0.0
  },
  "2021-12-2-16-42": {
    "Temperature": 20.52,
    "Humidity": 81.84375,
    "Pressure": 1016.775921263447,
    "UV": 0.02577319587628866,
    "AmbientLight": 0.0
  },
  "2021-12-2-16-43": {
    "Temperature": 20.28,
    "Humidity": 80.3125,
    "Pressure": 1016.775921263447,
    "UV": 0.0,
    "AmbientLight": 0.0
  },
  "2021-12-2-16-44": {
    "Temperature": 19.92,
    "Humidity": 79.625,
    "Pressure": 1016.8546578164339,
    "UV": 0.0,
    "AmbientLight": 43.103448275862064
  },