{
  "2021-12-1-1-0": {
    "Temperature": 17.86,
    "Humidity": 83.046875,
    "Pressure": 1008.9547570000763,
    "UV": 0.05154639175257732,
    "AmbientLight": 0.0
  },
  "2021-12-1-1-1": {
    "Temperature": 17.78,
    "Humidity": 82.984375,
    "Pressure": 1008.9153887235829,
    "UV": 0.02577319587628866,
    "AmbientLight": 0.0
  },
  "2021-12-1-1-2": {
    "Temperature": 17.64,
    "Humidity": 83.046875,
    "Pressure": 1008.600442511635,
    "UV": 0.0,
    "AmbientLight": 43.103448275862064
  },
  "2021-12-1-1-3": {
    "Temperature": 17.6,
    "Humidity": 83.109375,
    "Pressure": 1008.3773556115053,
    "UV": 0.0,
    "AmbientLight": 64.6551724137931
  },
  "2021-12-1-1-4": {
    "Temperature": 17.54,
    "Humidity": 83.15625,
    "Pressure": 1008.3117418173495,
    "UV": 0.0,
    "AmbientLight": 0.0
  },
  "2021-12-1-1-5": {
    "Temperature": 17.48,
    "Humidity": 83.21875,
    "Pressure": 1008.2592507820249,
    "UV": 0.02577319587628866,
    "AmbientLight": 0.0
  },
  "2021-12-1-1-6": {
    "Temperature": 17.46,
    "Humidity": 83.28125,
    "Pressure": 1008.2592507820249,
    "UV": 0.05154639175257732,
    "AmbientLight": 0.0
  },
  "2021-12-1-1-7": {
    "Temperature": 17.46,
    "Humidity": 83.375,
    "Pressure": 1008.3248645761806,
    "UV": 0.0,
    "AmbientLight": 21.551724137931032
  },
  "2021-12-1-1-8": {
    "Temperature": 17.48,
    "Humidity": 83.453125,
    "Pressure": 1008.351110093843,
    "UV": 0.05154639175257732,
    "AmbientLight": 0.0
  },
  "2021-12-1-1-9": {
    "Temperature": 17.48,
    "Humidity": 83.53125,
    "Pressure": 1008.2592507820249,
    "UV": 0.02577319587628866,
    "AmbientLight": 21.551724137931032
  },
  "2021-12-1-1-10": {
    "Temperature": 17.54,
    "Humidity": 83.53125,
    "Pressure": 1008.180514229038,
    "UV": 0.0,
    "AmbientLight": 0.0
  },
  "2021-12-1-1-11": {
    "Temperature": 17.58,
    "Humidity": 83.6875,
    "Pressure": 1008.180514229038,
    "UV": 0.05154639175257732,
    "AmbientLight": 21.551724137931032
  },
  "2021-12-1-1-12": {
    "Temperature": 17.66,
    "Humidity": 83.8125,
    "Pressure": 1008.2854962996872,
    "UV": 0.02577319587628866,
    "AmbientLight": 0.0
  },
  "2021-12-1-1-13": {
    "Temperature": 17.82,
    "Humidity": 83.859375,
    "Pressure": 1008.1542687113756,
    "UV": 0.0,
    "AmbientLight": 43.103448275862064
  },
  "2021-12-1-1-14": {
    "Temperature": 17.96,
    "Humidity": 83.8125,
    "Pressure": 1008.0886549172199,
    "UV": 0.0,
    "AmbientLight": 0.0
  },
  "2021-12-1-1-15": {
    "Temperature": 18.04,
    "Humidity": 83.59375,
    "Pressure": 1007.9836728465706,
    "UV": 0.0,
    "AmbientLight": 43.103448275862064
  },
  "2021-12-1-1-16": {
    "Temperature": 18.04,
    "Humidity": 83.484375,
    "Pressure": 1007.9311818112459,
    "UV": 0.05154639175257732,
    "AmbientLight": 0.0
  },
  "2021-12-1-1-17": {
    "Temperature": 18.0,
    "Humidity": 83.328125,
    "Pressure": 1007.8918135347524,
    "UV": 0.0,
    "AmbientLight": 43.103448275862064
  },
  "2021-12-1-1-18": {
    "Temperature": 17.94,
    "Humidity": 83.1875,
    "Pressure": 1007.7999542229343,
    "UV": 0.0,
    "AmbientLight": 21.551724137931032
  },
  "2021-12-1-1-19": {
    "Temperature": 17.84,
    "Humidity": 83.09375,
    "Pressure": 1007.773708705272,
    "UV": 0.02577319587628866,
    "AmbientLight": 0.0
  },
  "2021-12-1-1-20": {
    "Temperature": 17.78,
    "Humidity": 83.015625,
    "Pressure": 1007.7212176699474,
    "UV": 0.0,
    "AmbientLight": 0.0
  },
  "2021-12-1-1-21": {
    "Temperature": 17.68,
    "Humidity": 83.0625,
    "Pressure": 1007.7474631876097,
    "UV": 0.02577319587628866,
    "AmbientLight": 0.0
  }
}