{
  "2021-12-2-18-2": {
    "Temperature": 17.94,
    "Humidity": 79.78125,
    "Pressure": 1017.4845502403296,
    "UV": 0.02577319587628866,
    "AmbientLight": 0.0
  },
  "2021-12-2-18-3": {
    "Temperature": 17.86,
    "Humidity": 79.78125,
    "Pressure": 1017.60265506981,
    "UV": 0.0,
    "AmbientLight": 21.551724137931032
  },
  "2021-12-2-18-4": {
    "Temperature": 17.74,
    "Humidity": 79.796875,
    "Pressure": 1017.5239185168231,
    "UV": 0.02577319587628866,
    "AmbientLight": 0.0
  },
  "2021-12-2-18-5": {
    "Temperature": 17.7,
    "Humidity": 79.84375,
    "Pressure": 1017.5239185168231,
    "UV": 0.02577319587628866,
    "AmbientLight": 21.551724137931032
  },
  "2021-12-2-18-6": {
    "Temperature": 17.62,
    "Humidity": 79.96875,
    "Pressure": 1017.4845502403296,
    "UV": 0.05154639175257732,
    "AmbientLight": 0.0
  },
  "2021-12-2-18-7": {
    "Temperature": 17.6,
    "Humidity": 80.15625,
    "Pressure": 1017.5239185168231,
    "UV": 0.02577319587628866,
    "AmbientLight": 0.0
  },
  "2021-12-2-18-8": {
    "Temperature": 17.6,
    "Humidity": 80.28125,
    "Pressure": 1017.5239185168231,
    "UV": 0.02577319587628866,
    "AmbientLight": 0.0
  },
  "2021-12-2-18-9": {
    "Temperature": 17.6,
    "Humidity": 80.3125,
    "Pressure": 1017.4845502403296,
    "UV": 0.05154639175257732,
    "AmbientLight": 0.0
  },
  "2021-12-2-18-10": {
    "Temperature": 17.62,
    "Humidity": 80.390625,
    "Pressure": 1017.4845502403296,
    "UV": 0.0,
    "AmbientLight": 0.0
  },
  "2021-12-2-18-11": {
    "Temperature": 17.68,
    "Humidity": 80.515625,
    "Pressure": 1017.4845502403296,
    "UV": 0.02577319587628866,
    "AmbientLight": 43.103448275862064
  },
  "2021-12-2-18-12": {
    "Temperature": 17.8,
    "Humidity": 80.625,
    "Pressure": 1017.4583047226673,
    "UV": 0.05154639175257732,
    "AmbientLight": 0.0
  },
  "2021-12-2-18-13": {
    "Temperature": 17.88,
    "Humidity": 80.625,
    "Pressure": 1017.4845502403296,
    "UV": 0.05154639175257732,
    "AmbientLight": 21.551724137931032
  },
  "2021-12-2-18-14": {
    "Temperature": 18.0,
    "Humidity": 80.53125,
    "Pressure": 1017.5501640344854,
    "UV": 0.02577319587628866,
    "AmbientLight": 21.551724137931032
  },
  "2021-12-2-18-15": {
    "Temperature": 18.06,
    "Humidity": 80.453125,
    "Pressure": 1017.5239185168231,
    "UV": 0.0,
    "AmbientLight": 43.103448275862064
  },
  "2021-12-2-18-16": {
    "Temperature": 18.04,
    "Humidity": 80.296875,
    "Pressure": 1017.5239185168231,
    "UV": 0.0,
    "AmbientLight": 0.0
  },
  "2021-12-2-18-17": {
    "Temperature": 18.0,
    "Humidity": 80.09375,
    "Pressure": 1017.5501640344854,
    "UV": 0.0,
    "AmbientLight": 0.0
  },
  "2021-12-2-18-18": {
    "Temperature": 17.94,
    "Humidity": 80.0,
    "Pressure": 1017.5764095521477,
    "UV": 0.0,
    "AmbientLight": 0.0
  },
  "2021-12-2-18-19": {
    "Temperature": 17.82,
    "Humidity": 79.890625,
    "Pressure": 1017.60265506981,
    "UV": 0.02577319587628866,
    "AmbientLight": 0.0
  },
  "2021-12-2-18-20": {
    "Temperature": 17.76,
    "Humidity": 79.984375,
    "Pressure": 1017.5764095521477,
    "UV": 0.07731958762886597,
    "AmbientLight": 0.0
  },
  "2021-12-2-18-21": {
    "Temperature": 17.66,
    "Humidity": 79.953125,
    "Pressure": 1017.60265506981,
    "UV": 0.02577319587628866,
    "AmbientLight": 43.103448275862064
  },
  "2021-12-2-18-22": {
    "Temperature": 17.6,
    "Humidity": 80.0,
    "Pressure": 1017.6551461051347,
    "UV": 0.02577319587628866,
    "AmbientLight": 43.103448275862064
  },
  "2021-12-2-18-23": {
    "Temperature": 17.56,
    "Humidity": 80.109375,
    "Pressure": 1017.6551461051347,
    "UV": 0.0,
    "AmbientLight": 0.0
  },
  "2021-12-2-18-24": {
    "Temperature": 17.54,
    "Humidity": 80.140625,
    "Pressure": 1017.6813916227969,
    "UV": 0.0,
    "AmbientLight": 21.551724137931032
  },
  "2021-12-2-18-25": {
    "Temperature": 17.52,
    "Humidity": 80.265625,
    "Pressure": 1017.6289005874723,
    "UV": 0.05154639175257732,
    "AmbientLight": 0.0
  },
  "2021-12-2-18-26": {
    "Temperature": 17.54,
    "Humidity": 80.46875,
    "Pressure": 1017.6813916227969,
    "UV": 0.0,
    "AmbientLight": 21.551724137931032
  },
  "2021-12-2-18-27": {
    "Temperature": 17.56,
    "Humidity": 80.46875,
    "Pressure": 1017.6813916227969,
    "UV": 0.0,
    "AmbientLight": 0.0
  },
  "2021-12-2-18-28": {
    "Temperature": 17.64,
    "Humidity": 80.5625,
    "Pressure": 1017.6551461051347,
    "UV": 0.05154639175257732,
    "AmbientLight": 0.0
  },
  "2021-12-2-18-29": {
    "Temperature": 17.7,
    "Humidity": 80.703125,
    "Pressure": 1017.6813916227969,
    "UV": 0.0,
    "AmbientLight": 21.551724137931032
  },
  "2021-12-2-18-30": {
    "Temperature": 17.8,
    "Humidity": 80.625,
    "Pressure": 1017.6813916227969,
    "UV": 0.0,
    "AmbientLight": 0.0
  }
}