{
  "2021-12-1-0-0": {
    "Temperature": 17.72,
    "Humidity": 83.890625,
    "Pressure": 1010.3457694361791,
    "UV": 0.07731958762886597,
    "AmbientLight": 43.103448275862064
  },
  "2021-12-1-0-1": {
    "Temperature": 17.84,
    "Humidity": 83.984375,
    "Pressure": 1010.1882963302053,
    "UV": 0.02577319587628866,
    "AmbientLight": 0.0
  },
  "2021-12-1-0-2": {
    "Temperature": 17.94,
    "Humidity": 83.796875,
    "Pressure": 1010.1620508125429,
    "UV": 0.0,
    "AmbientLight": 0.0
  },
  "2021-12-1-0-3": {
    "Temperature": 18.02,
    "Humidity": 83.640625,
    "Pressure": 1010.1620508125429,
    "UV": 0.0,
    "AmbientLight": 0.0
  },
  "2021-12-1-0-4": {
    "Temperature": 18.02,
    "Humidity": 83.40625,
    "Pressure": 1010.0964370183872,
    "UV": 0.07731958762886597,
    "AmbientLight": 0.0
  },
  "2021-12-1-0-5": {
    "Temperature": 17.94,
    "Humidity": 83.265625,
    "Pressure": 1010.0701915007248,
    "UV": 0.02577319587628866,
    "AmbientLight": 0.0
  },
  "2021-12-1-0-6": {
    "Temperature": 17.84,
    "Humidity": 83.140625,
    "Pressure": 1010.0439459830625,
    "UV": 0.0,
    "AmbientLight": 21.551724137931032
  },
  "2021-12-1-0-7": {
    "Temperature": 17.78,
    "Humidity": 82.984375,
    "Pressure": 1009.9914549477378,
    "UV": 0.0,
    "AmbientLight": 21.551724137931032
  },
  "2021-12-1-0-8": {
    "Temperature": 17.68,
    "Humidity": 82.96875,
    "Pressure": 1009.925841153582,
    "UV": 0.0,
    "AmbientLight": 0.0
  },
  "2021-12-1-0-9": {
    "Temperature": 17.6,
    "Humidity": 82.90625,
    "Pressure": 1009.8733501182575,
    "UV": 0.0,
    "AmbientLight": 0.0
  },
  "2021-12-1-0-10": {
    "Temperature": 17.54,
    "Humidity": 83.09375,
    "Pressure": 1009.9652094300756,
    "UV": 0.02577319587628866,
    "AmbientLight": 0.0
  },
  "2021-12-1-0-11": {
    "Temperature": 17.48,
    "Humidity": 83.140625,
    "Pressure": 1009.9914549477378,
    "UV": 0.0,
    "AmbientLight": 0.0
  },
  "2021-12-1-0-12": {
    "Temperature": 17.48,
    "Humidity": 83.296875,
    "Pressure": 1010.0177004654001,
    "UV": 0.02577319587628866,
    "AmbientLight": 0.0
  },
  "2021-12-1-0-13": {
    "Temperature": 17.46,
    "Humidity": 83.390625,
    "Pressure": 1010.0177004654001,
    "UV": 0.0,
    "AmbientLight": 21.551724137931032
  },
  "2021-12-1-0-14": {
    "Temperature": 17.5,
    "Humidity": 83.421875,
    "Pressure": 1009.9652094300756,
    "UV": 0.07731958762886597,
    "AmbientLight": 43.103448275862064
  },
  "2021-12-1-0-15": {
    "Temperature": 17.52,
    "Humidity": 83.5,
    "Pressure": 1009.9652094300756,
    "UV": 0.05154639175257732,
    "AmbientLight": 0.0
  },
  "2021-12-1-0-16": {
    "Temperature": 17.58,
    "Humidity": 83.578125,
    "Pressure": 1009.8995956359197,
    "UV": 0.0,
    "AmbientLight": 0.0
  },
  "2021-12-1-0-17": {
    "Temperature": 17.76,
    "Humidity": 83.78125,
    "Pressure": 1010.0439459830625,
    "UV": 0.05154639175257732,
    "AmbientLight": 21.551724137931032
  },
  "2021-12-1-0-18": {
    "Temperature": 17.9,
    "Humidity": 83.765625,
    "Pressure": 1010.0701915007248,
    "UV": 0.0,
    "AmbientLight": 21.551724137931032
  },
  "2021-12-1-0-19": {
    "Temperature": 17.96,
    "Humidity": 83.671875,
    "Pressure": 1010.2145418478675,
    "UV": 0.02577319587628866,
    "AmbientLight": 0.0
  },
  "2021-12-1-0-20": {
    "Temperature": 18.04,
    "Humidity": 83.515625,
    "Pressure": 1010.0964370183872,
    "UV": 0.0,
    "AmbientLight": 0.0
  },
  "2021-12-1-0-21": {
    "Temperature": 18.06,
    "Humidity": 83.453125,
    "Pressure": 1010.0964370183872,
    "UV": 0.02577319587628866,
    "AmbientLight": 0.0
  },
  "2021-12-1-0-22": {
    "Temperature": 18.12,
    "Humidity": 83.265625,
    "Pressure": 1010.0177004654001,
    "UV": 0.02577319587628866,
    "AmbientLight": 0.0
  },
  "2021-12-1-0-23": {
    "Temperature": 18.04,
    "Humidity": 83.109375,
    "Pressure": 1009.9652094300756,
    "UV": 0.02577319587628866,
    "AmbientLight": 21.551724137931032
  },
  "2021-12-1-0-24": {
    "Temperature": 17.98,
    "Humidity": 83.0,
    "Pressure": 1009.8995956359197,
    "UV": 0.0,
    "AmbientLight": 0.0
  },
  "2021-12-1-0-25": {
    "Temperature": 17.88,
    "Humidity": 82.96875,
    "Pressure": 1009.7946135652704,
    "UV": 0.05154639175257732,
    "AmbientLight": 0.0
  },
  "2021-12-1-0-26": {
    "Temperature": 17.78,
    "Humidity": 82.984375,
    "Pressure": 1009.7421225299458,
    "UV": 0.02577319587628866,
    "AmbientLight": 64.6551724137931
  },
  "2021-12-1-0-27": {
    "Temperature": 17.7,
    "Humidity": 82.90625,
    "Pressure": 1009.7289997711147,
    "UV": 0.02577319587628866,
    "AmbientLight": 0.0
  },
  "2021-12-1-0-28": {
    "Temperature": 17.6,
    "Humidity": 82.9375,
    "Pressure": 1009.6502632181277,
    "UV": 0.0,
    "AmbientLight": 0.0
  },
  "2021-12-1-0-29": {
    "Temperature": 17.52,
    "Humidity": 83.015625,
    "Pressure": 1009.597772182803,
    "UV": 0.0,
    "AmbientLight": 21.551724137931032
  },
  "2021-12-1-0-30": {
    "Temperature": 17.5,
    "Humidity": 83.078125,
    "Pressure": 1009.4796673533226,
    "UV": 0.02577319587628866,
    "AmbientLight": 0.0
  },
  "2021-12-1-0-31": {
    "Temperature": 17.48,
    "Humidity": 83.265625,
    "Pressure": 1009.4534218356604,
    "UV": 0.02577319587628866,
    "AmbientLight": 0.0
  },
  "2021-12-1-0-32": {
    "Temperature": 17.48,
    "Humidity": 83.390625,
    "Pressure": 1009.4796673533226,
    "UV": 0.02577319587628866,
    "AmbientLight": 0.0
  },
  "2021-12-1-0-33": {
    "Temperature": 17.52,
    "Humidity": 83.453125,
    "Pressure": 1009.3221942473488,
    "UV": 0.02577319587628866,
    "AmbientLight": 0.0
  },
  "2021-12-1-0-34": {
    "Temperature": 17.54,
    "Humidity": 83.53125,
    "Pressure": 1009.1253528648814,
    "UV": 0.02577319587628866,
    "AmbientLight": 43.103448275862064
  },
  "2021-12-1-0-35": {
    "Temperature": 17.6,
    "Humidity": 83.71875,
    "Pressure": 1008.9810025177386,
    "UV": 0.02577319587628866,
    "AmbientLight": 43.103448275862064
  },
  "2021-12-1-0-36": {
    "Temperature": 17.78,
    "Humidity": 83.921875,
    "Pressure": 1008.8891432059205,
    "UV": 0.0,
    "AmbientLight": 0.0
  },
  "2021-12-1-0-37": {
    "Temperature": 17.94,
    "Humidity": 83.78125,
    "Pressure": 1008.7185473411155,
    "UV": 0.0,
    "AmbientLight": 21.551724137931032
  },
  "2021-12-1-0-38": {
    "Temperature": 18.04,
    "Humidity": 83.6875,
    "Pressure": 1008.6529335469596,
    "UV": 0.02577319587628866,
    "AmbientLight": 0.0
  },
  "2021-12-1-0-39": {
    "Temperature": 18.1,
    "Humidity": 83.609375,
    "Pressure": 1008.5741969939727,
    "UV": 0.0,
    "AmbientLight": 43.103448275862064
  },
  "2021-12-1-0-40": {
    "Temperature": 18.16,
    "Humidity": 83.390625,
    "Pressure": 1008.4823376821546,
    "UV": 0.02577319587628866,
    "AmbientLight": 43.103448275862064
  },
  "2021-12-1-0-41": {
    "Temperature": 18.12,
    "Humidity": 83.265625,
    "Pressure": 1008.4298466468299,
    "UV": 0.0,
    "AmbientLight": 0.0
  },
  "2021-12-1-0-42": {
    "Temperature": 18.04,
    "Humidity": 83.109375,
    "Pressure": 1008.2592507820249,
    "UV": 0.0,
    "AmbientLight": 0.0
  },
  "2021-12-1-0-43": {
    "Temperature": 17.92,
    "Humidity": 82.953125,
    "Pressure": 1008.2067597467002,
    "UV": 0.0,
    "AmbientLight": 0.0
  },
  "2021-12-1-0-44": {
    "Temperature": 17.84,
    "Humidity": 82.96875,
    "Pressure": 1008.1542687113756,
    "UV": 0.0,
    "AmbientLight": 0.0
  },
  "2021-12-1-0-45": {
    "Temperature": 17.74,
    "Humidity": 83.0,
    "Pressure": 1008.1280231937133,
    "UV": 0.0,
    "AmbientLight": 0.0
  },
  "2021-12-1-0-46": {
    "Temperature": 17.66,
    "Humidity": 83.015625,
    "Pressure": 1008.1280231937133,
    "UV": 0.0,
    "AmbientLight": 0.0
  },
  "2021-12-1-0-47": {
    "Temperature": 17.6,
    "Humidity": 83.125,
    "Pressure": 1008.2854962996872,
    "UV": 0.05154639175257732,