{
  "2021-12-1-0-0": {
    "Temperature": 20.42,
    "Humidity": 79.515625,
    "Pressure": 1010.5951018539712,
    "UV": 0.0,
    "AmbientLight": 0.0
  },
  "2021-12-1-0-1": {
    "Temperature": 20.6,
    "Humidity": 77.796875,
    "Pressure": 1010.5426108186465,
    "UV": 0.0,
    "AmbientLight": 43.103448275862064
  },
  "2021-12-1-0-2": {
    "Temperature": 20.6,
    "Humidity": 76.671875,
    "Pressure": 1010.4769970244907,
    "UV": 0.02577319587628866,
    "AmbientLight": 0.0
  },
  "2021-12-1-0-3": {
    "Temperature": 20.36,
    "Humidity": 75.6875,
    "Pressure": 1010.411383230335,
    "UV": 0.0,
    "AmbientLight": 21.551724137931032
  },
  "2021-12-1-0-4": {
    "Temperature": 19.9,
    "Humidity": 75.015625,
    "Pressure": 1010.2932784008545,
    "UV": 0.0,
    "AmbientLight": 21.551724137931032
  },
  "2021-12-1-0-5": {
    "Temperature": 19.38,
    "Humidity": 74.75,
    "Pressure": 1010.3457694361791,
    "UV": 0.02577319587628866,
    "AmbientLight": 0.0
  },
  "2021-12-1-0-6": {
    "Temperature": 18.88,
    "Humidity": 75.0,
    "Pressure": 1010.2014190890364,
    "UV": 0.0,
    "AmbientLight": 0.0
  },
  "2021-12-1-0-7": {
    "Temperature": 18.42,
    "Humidity": 75.25,
    "Pressure": 1010.1751735713741,
    "UV": 0.02577319587628866,
    "AmbientLight": 0.0
  },
  "2021-12-1-0-8": {
    "Temperature": 18.06,
    "Humidity": 75.703125,
    "Pressure": 1010.1358052948806,
    "UV": 0.0,
    "AmbientLight": 0.0
  },
  "2021-12-1-0-9": {
    "Temperature": 17.84,
    "Humidity": 76.171875,
    "Pressure": 1010.083314259556,
    "UV": 0.0,
    "AmbientLight": 0.0
  },
  "2021-12-1-0-10": {
    "Temperature": 17.72,
    "Humidity": 76.921875,
    "Pressure": 1010.1620508125429,
    "UV": 0.0,
    "AmbientLight": 21.551724137931032
  },
  "2021-12-1-0-11": {
    "Temperature": 17.7,
    "Humidity": 77.484375,
    "Pressure": 1010.1620508125429,
    "UV": 0.0,
    "AmbientLight": 21.551724137931032
  },
  "2021-12-1-0-12": {
    "Temperature": 17.9,
    "Humidity": 78.3125,
    "Pressure": 1010.1751735713741,
    "UV": 0.0,
    "AmbientLight": 64.6551724137931
  },
  "2021-12-1-0-13": {
    "Temperature": 18.34,
    "Humidity": 79.125,
    "Pressure": 1010.2276646066987,
    "UV": 0.0,
    "AmbientLight": 21.551724137931032
  },
  "2021-12-1-0-14": {
    "Temperature": 18.86,
    "Humidity": 79.375,
    "Pressure": 1010.2670328831922,
    "UV": 0.0,
    "AmbientLight": 0.0
  },
  "2021-12-1-0-15": {
    "Temperature": 19.48,
    "Humidity": 79.609375,
    "Pressure": 1010.2276646066987,
    "UV": 0.02577319587628866,
    "AmbientLight": 0.0
  },
  "2021-12-1-0-16": {
    "Temperature": 20.34,
    "Humidity": 79.65625,
    "Pressure": 1010.253910124361,
    "UV": 0.0,
    "AmbientLight": 43.103448275862064
  },
  "2021-12-1-0-17": {
    "Temperature": 20.86,
    "Humidity": 78.296875,
    "Pressure": 1010.3457694361791,
    "UV": 0.0,
    "AmbientLight": 0.0
  },
  "2021-12-1-0-18": {
    "Temperature": 20.9,
    "Humidity": 76.765625,
    "Pressure": 1010.3851377126726,
    "UV": 0.0,
    "AmbientLight": 0.0
  },
  "2021-12-1-0-19": {
    "Temperature": 20.78,
    "Humidity": 75.78125,
    "Pressure": 1010.4376287479972,
    "UV": 0.0,
    "AmbientLight": 0.0
  },
  "2021-12-1-0-20": {
    "Temperature": 20.54,
    "Humidity": 75.15625,
    "Pressure": 1010.3588921950103,
    "UV": 0.0,
    "AmbientLight": 0.0
  },
  "2021-12-1-0-21": {
    "Temperature": 20.28,
    "Humidity": 74.71875,
    "Pressure": 1010.411383230335,
    "UV": 0.02577319587628866,
    "AmbientLight": 0.0
  },
  "2021-12-1-0-22": {
    "Temperature": 19.92,
    "Humidity": 74.390625,
    "Pressure": 1010.2932784008545,
    "UV": 0.02577319587628866,
    "AmbientLight": 0.0
  },
  "2021-12-1-0-23": {
    "Temperature": 19.42,
    "Humidity": 74.359375,
    "Pressure": 1010.2276646066987,
    "UV": 0.0,
    "AmbientLight": 21.551724137931032
  },
  "2021-12-1-0-24": {
    "Temperature": 18.92,
    "Humidity": 74.5,
    "Pressure": 1010.0570687418937,
    "UV": 0.0,
    "AmbientLight": 21.551724137931032
  },
  "2021-12-1-0-25": {
    "Temperature": 18.46,
    "Humidity": 74.828125,
    "Pressure": 1009.9520866712444,
    "UV": 0.02577319587628866,
    "AmbientLight": 0.0
  },
  "2021-12-1-0-26": {
    "Temperature": 18.06,
    "Humidity": 75.34375,
    "Pressure": 1009.8995956359197,
    "UV": 0.0,
    "AmbientLight": 0.0
  },
  "2021-12-1-0-27": {
    "Temperature": 17.74,
    "Humidity": 75.84375,
    "Pressure": 1009.925841153582,
    "UV": 0.05154639175257732,
    "AmbientLight": 21.551724137931032
  },
  "2021-12-1-0-28": {
    "Temperature": 17.5,
    "Humidity": 76.4375,
    "Pressure": 1009.833981841764,
    "UV": 0.0,
    "AmbientLight": 0.0
  },
  "2021-12-1-0-29": {
    "Temperature": 17.46,
    "Humidity": 77.140625,
    "Pressure": 1009.6896314946212,
    "UV": 0.0,
    "AmbientLight": 21.551724137931032
  },
  "2021-12-1-0-30": {
    "Temperature": 17.48,
    "Humidity": 77.796875,
    "Pressure": 1009.6240177004654,
    "UV": 0.0,
    "AmbientLight": 21.551724137931032
  },
  "2021-12-1-0-31": {
    "Temperature": 17.68,
    "Humidity": 78.578125,
    "Pressure": 1009.7158770122835,
    "UV": 0.0,
    "AmbientLight": 0.0
  },
  "2021-12-1-0-32": {
    "Temperature": 18.1,
    "Humidity": 79.34375,
    "Pressure": 1009.67650873579,
    "UV": 0.0,
    "AmbientLight": 0.0
  },
  "2021-12-1-0-33": {
    "Temperature": 18.68,
    "Humidity": 79.859375,
    "Pressure": 1009.5321583886473,
    "UV": 0.0,
    "AmbientLight": 64.6551724137931
  },
  "2021-12-1-0-34": {
    "Temperature": 19.4,
    "Humidity": 80.125,
    "Pressure": 1009.4009308003357,
    "UV": 0.02577319587628866,
    "AmbientLight": 21.551724137931032
  },
  "2021-12-1-0-35": {
    "Temperature": 20.26,
    "Humidity": 79.9375,
    "Pressure": 1009.2303349355307,
    "UV": 0.0,
    "AmbientLight": 0.0
  },
  "2021-12-1-0-36": {
    "Temperature": 20.74,
    "Humidity": 78.265625,
    "Pressure": 1009.1384756237126,
    "UV": 0.0,
    "AmbientLight": 21.551724137931032
  },
  "2021-12-1-0-37": {
    "Temperature": 20.8,
    "Humidity": 76.796875,
    "Pressure": 1009.0203707942321,
    "UV": 0.0,
    "AmbientLight": 43.103448275862064
  },
  "2021-12-1-0-38": {
    "Temperature": 20.7,
    "Humidity": 75.859375,
    "Pressure": 1008.8891432059205,
    "UV": 0.0,
    "AmbientLight": 0.0
  },
  "2021-12-1-0-39": {
    "Temperature": 20.54,
    "Humidity": 75.1875,
    "Pressure": 1008.7972838941024,
    "UV": 0.0,
    "AmbientLight": 43.103448275862064
  },
  "2021-12-1-0-40": {
    "Temperature": 20.24,
    "Humidity": 74.765625,
    "Pressure": 1008.7316700999465,
    "UV": 0.05154639175257732,
    "AmbientLight": 0.0
  },
  "2021-12-1-0-41": {
    "Temperature": 19.74,
    "Humidity": 74.421875,
    "Pressure": 1008.5873197528039,
    "UV": 0.0,
    "AmbientLight": 0.0
  },
  "2021-12-1-0-42": {
    "Temperature": 19.2,
    "Humidity": 74.390625,
    "Pressure": 1008.4036011291677,
    "UV": 0.0,
    "AmbientLight": 0.0
  },
  "2021-12-1-0-43": {
    "Temperature": 18.72,
    "Humidity": 74.765625,
    "Pressure": 1008.3642328526741,
    "UV": 0.0,
    "AmbientLight": 21.551724137931032
  },
  "2021-12-1-0-44": {
    "Temperature": 18.32,
    "Humidity": 75.09375,
    "Pressure": 1008.3379873350118,
    "UV": 0.0,
    "AmbientLight": 0.0
  },
  "2021-12-1-0-45": {
    "Temperature": 17.98,
    "Humidity": 75.671875,
    "Pressure": 1008.3117418173495,
    "UV": 0.0,
    "AmbientLight": 21.551724137931032
  },
  "2021-12-1-0-46": {
    "Temperature": 17.76,
    "Humidity": 76.21875,
    "Pressure": 1008.3773556115053,
    "UV": 0.0,
    "AmbientLight": 21.551724137931032
  },
  "2021-12-1-0-47": {
    "Temperature": 17.64,
    "Humidity": 76.890625,
    "Pressure": 1008.4560921644922,
    "UV": 0.0,
    "AmbientLight": 0.0
  },
  "2021-12-1-0-48": {
    "Temperature": 17.68,
    "Humidity": 77.59375,
    "Pressure": 1008.521705958648,
    "UV": 0.0,