{
  "2021-12-2-16-0": {
    "Temperature": 17.92,
    "Humidity": 78.125,
    "Pressure": 1016.3166247043564,
    "UV": 0.12886597938144329,
    "AmbientLight": 215.51724137931032
  },
  "2021-12-2-16-1": {
    "Temperature": 17.82,
    "Humidity": 78.203125,
    "Pressure": 1016.3691157396811,
    "UV": 0.05154639175257732,
    "AmbientLight": 237.06896551724137
  },
  "2021-12-2-16-2": {
    "Temperature": 17.72,
    "Humidity": 78.640625,
    "Pressure": 1016.3428702220187,
    "UV": 0.02577319587628866,
    "AmbientLight": 258.6206896551724
  },
  "2021-12-2-16-3": {
    "Temperature": 17.68,
    "Humidity": 79.015625,
    "Pressure": 1016.3691157396811,
    "UV": 0.07731958762886597,
    "AmbientLight": 193.9655172413793
  },
  "2021-12-2-16-4": {
    "Temperature": 17.6,
    "Humidity": 79.140625,
    "Pressure": 1016.4084840161746,
    "UV": 0.02577319587628866,
    "AmbientLight": 172.41379310344826
  },
  "2021-12-2-16-5": {
    "Temperature": 17.58,
    "Humidity": 79.359375,
    "Pressure": 1016.3691157396811,
    "UV": 0.0,
    "AmbientLight": 107.75862068965516
  },
  "2021-12-2-16-6": {
    "Temperature": 17.58,
    "Humidity": 79.53125,
    "Pressure": 1016.3822384985123,
    "UV": 0.0,
    "AmbientLight": 129.3103448275862
  },
  "2021-12-2-16-7": {
    "Temperature": 17.6,
    "Humidity": 79.75,
    "Pressure": 1016.4084840161746,
    "UV": 0.07731958762886597,
    "AmbientLight": 107.75862068965516
  },
  "2021-12-2-16-8": {
    "Temperature": 17.6,
    "Humidity": 80.03125,
    "Pressure": 1016.4084840161746,
    "UV": 0.02577319587628866,
    "AmbientLight": 129.3103448275862
  },
  "2021-12-2-16-9": {
    "Temperature": 17.68,
    "Humidity": 80.296875,
    "Pressure": 1016.4740978103304,
    "UV": 0.12886597938144329,
    "AmbientLight": 86.20689655172413
  },
  "2021-12-2-16-10": {
    "Temperature": 17.74,
    "Humidity": 80.453125,
    "Pressure": 1016.4347295338368,
    "UV": 0.10309278350515463,
    "AmbientLight": 64.6551724137931
  },
  "2021-12-2-16-11": {
    "Temperature": 17.74,
    "Humidity": 80.4375,
    "Pressure": 1016.5265888456549,
    "UV": 0.0,
    "AmbientLight": 86.20689655172413
  },
  "2021-12-2-16-12": {
    "Temperature": 17.7,
    "Humidity": 80.453125,
    "Pressure": 1016.5003433279927,
    "UV": 0.0,
    "AmbientLight": 107.75862068965516
  },
  "2021-12-2-16-13": {
    "Temperature": 17.66,
    "Humidity": 80.65625,
    "Pressure": 1016.5265888456549,
    "UV": 0.02577319587628866,
    "AmbientLight": 64.6551724137931
  },
  "2021-12-2-16-14": {
    "Temperature": 17.64,
    "Humidity": 80.65625,
    "Pressure": 1016.5528343633173,
    "UV": 0.02577319587628866,
    "AmbientLight": 64.6551724137931
  },
  "2021-12-2-16-15": {
    "Temperature": 17.64,
    "Humidity": 80.890625,
    "Pressure": 1016.6184481574732,
    "UV": 0.07731958762886597,
    "AmbientLight": 64.6551724137931
  },
  "2021-12-2-16-16": {
    "Temperature": 17.7,
    "Humidity": 81.0625,
    "Pressure": 1016.5659571221485,
    "UV": 0.0,
    "AmbientLight": 43.103448275862064
  },
  "2021-12-2-16-17": {
    "Temperature": 17.86,
    "Humidity": 81.421875,
    "Pressure": 1016.5659571221485,
    "UV": 0.05154639175257732,
    "AmbientLight": 64.6551724137931
  },
  "2021-12-2-16-18": {
    "Temperature": 18.16,
    "Humidity": 81.8125,
    "Pressure": 1016.5528343633173,
    "UV": 0.0,
    "AmbientLight": 21.551724137931032
  },
  "2021-12-2-16-19": {
    "Temperature": 18.58,
    "Humidity": 82.171875,
    "Pressure": 1016.6446936751354,
    "UV": 0.0,
    "AmbientLight": 64.6551724137931
  },
  "2021-12-2-16-20": {
    "Temperature": 18.98,
    "Humidity": 81.859375,
    "Pressure": 1016.6709391927977,
    "UV": 0.0,
    "AmbientLight": 86.20689655172413
  },
  "2021-12-2-16-22": {
    "Temperature": 18.94,
    "Humidity": 80.25,
    "Pressure": 1016.6709391927977,
    "UV": 0.02577319587628866,
    "AmbientLight": 64.6551724137931
  },
  "2021-12-2-16-23": {
    "Temperature": 18.74,
    "Humidity": 79.78125,
    "Pressure": 1016.5659571221485,
    "UV": 0.02577319587628866,
    "AmbientLight": 43.103448275862064
  },
  "2021-12-2-16-24": {
    "Temperature": 18.52,
    "Humidity": 79.71875,
    "Pressure": 1016.6184481574732,
    "UV": 0.02577319587628866,
    "AmbientLight": 43.103448275862064
  },
  "2021-12-2-16-25": {
    "Temperature": 18.36,
    "Humidity": 79.796875,
    "Pressure": 1016.5659571221485,
    "UV": 0.0,
    "AmbientLight": 43.103448275862064
  },
  "2021-12-2-16-26": {
    "Temperature": 18.22,
    "Humidity": 79.859375,
    "Pressure": 1016.6184481574732,
    "UV": 0.05154639175257732,
    "AmbientLight": 86.20689655172413
  },
  "2021-12-2-16-27": {
    "Temperature": 18.1,
    "Humidity": 79.8125,
    "Pressure": 1016.5922026398108,
    "UV": 0.0,
    "AmbientLight": 64.6551724137931
  },
  "2021-12-2-16-28": {
    "Temperature": 17.9,
    "Humidity": 80.015625,
    "Pressure": 1016.5528343633173,
    "UV": 0.0,
    "AmbientLight": 43.103448275862064
  },
  "2021-12-2-16-29": {
    "Temperature": 17.7,
    "Humidity": 80.078125,
    "Pressure": 1016.5659571221485,
    "UV": 0.0,
    "AmbientLight": 43.103448275862064
  },
  "2021-12-2-16-30": {
    "Temperature": 17.56,
    "Humidity": 80.328125,
    "Pressure": 1016.5265888456549,
    "UV": 0.0,
    "AmbientLight": 64.6551724137931
  },
  "2021-12-2-16-31": {
    "Temperature": 17.4,
    "Humidity": 80.46875,
    "Pressure": 1016.5265888456549,
    "UV": 0.0,
    "AmbientLight": 43.103448275862064
  },
  "2021-12-2-16-32": {
    "Temperature": 17.3,
    "Humidity": 80.703125,
    "Pressure": 1016.5265888456549,
    "UV": 0.0,
    "AmbientLight": 21.551724137931032
  },
  "2021-12-2-16-33": {
    "Temperature": 17.24,
    "Humidity": 80.984375,
    "Pressure": 1016.4740978103304,
    "UV": 0.0,
    "AmbientLight": 86.20689655172413
  },
  "2021-12-2-16-34": {
    "Temperature": 17.2,
    "Humidity": 81.171875,
    "Pressure": 1016.4740978103304,
    "UV": 0.0,
    "AmbientLight": 21.551724137931032
  },
  "2021-12-2-16-35": {
    "Temperature": 17.2,
    "Humidity": 81.46875,
    "Pressure": 1016.5265888456549,
    "UV": 0.0,
    "AmbientLight": 21.551724137931032
  },
  "2021-12-2-16-36": {
    "Temperature": 17.36,
    "Humidity": 81.8125,
    "Pressure": 1016.5528343633173,
    "UV": 0.15463917525773194,
    "AmbientLight": 0.0
  },
  "2021-12-2-16-37": {
    "Temperature": 17.64,
    "Humidity": 82.34375,
    "Pressure": 1016.5528343633173,
    "UV": 0.02577319587628866,
    "AmbientLight": 21.551724137931032
  },
  "2021-12-2-16-38": {
    "Temperature": 18.22,
    "Humidity": 82.859375,
    "Pressure": 1016.5659571221485,
    "UV": 0.0,
    "AmbientLight": 64.6551724137931
  },
  "2021-12-2-16-39": {
    "Temperature": 18.9,
    "Humidity": 83.125,
    "Pressure": 1016.5659571221485,
    "UV": 0.0,
    "AmbientLight": 21.551724137931032
  },
  "2021-12-2-16-40": {
    "Temperature": 19.62,
    "Humidity": 82.71875,
    "Pressure": 1016.6184481574732,
    "UV": 0.0,
    "AmbientLight": 0.0
  },
  "2021-12-2-16-42": {
    "Temperature": 20.46,
    "Humidity": 80.375,
    "Pressure": 1016.6184481574732,
    "UV": 0.0,
    "AmbientLight": 0.0
  },
  "2021-12-2-16-43": {
    "Temperature": 20.44,
    "Humidity": 78.90625,
    "Pressure": 1016.5922026398108,
    "UV": 0.0,
    "AmbientLight": 0.0
  },
  "2021-12-2-16-44": {
    "Temperature": 20.22,
    "Humidity": 77.96875,
    "Pressure": 1016.6446936751354,
    "UV": 0.0,
    "AmbientLight": 21.551724137931032
  },
  "2021-12-2-16-45": {
    "Temperature": 19.96,
    "Humidity": 77.46875,
    "Pressure": 1016.6709391927977,
    "UV": 0.07731958762886597,
    "AmbientLight": 21.551724137931032
  },
  "2021-12-2-16-46": {
    "Temperature": 19.62,
    "Humidity": 77.15625,
    "Pressure": 1016.7103074692913,
    "UV": 0.0,
    "AmbientLight": 0.0
  },
  "2021-12-2-16-47": {
    "Temperature": 19.2,
    "Humidity": 76.84375,
    "Pressure": 1016.6840619516289,
    "UV": 0.0,