{
  "2021-12-2-18-2": {
    "Temperature": 18.4,
    "Humidity": 74.109375,
    "Pressure": 1017.6813916227969,
    "UV": 0.0,
    "AmbientLight": 0.0
  },
  "2021-12-2-18-3": {
    "Temperature": 18.0,
    "Humidity": 74.515625,
    "Pressure": 1017.7076371404593,
    "UV": 0.0,
    "AmbientLight": 0.0
  },
  "2021-12-2-18-4": {
    "Temperature": 17.72,
    "Humidity": 75.0625,
    "Pressure": 1017.6551461051347,
    "UV": 0.0,
    "AmbientLight": 0.0
  },
  "2021-12-2-18-5": {
    "Temperature": 17.54,
    "Humidity": 75.484375,
    "Pressure": 1017.6551461051347,
    "UV": 0.0,
    "AmbientLight": 0.0
  },
  "2021-12-2-18-6": {
    "Temperature": 17.48,
    "Humidity": 76.203125,
    "Pressure": 1017.6551461051347,
    "UV": 0.0,
    "AmbientLight": 21.551724137931032
  },
  "2021-12-2-18-7": {
    "Temperature": 17.6,
    "Humidity": 76.875,
    "Pressure": 1017.7076371404593,
    "UV": 0.0,
    "AmbientLight": 0.0
  },
  "2021-12-2-18-8": {
    "Temperature": 17.92,
    "Humidity": 77.703125,
    "Pressure": 1017.7470054169528,
    "UV": 0.0,
    "AmbientLight": 0.0
  },
  "2021-12-2-18-9": {
    "Temperature": 18.44,
    "Humidity": 78.234375,
    "Pressure": 1017.7207598992904,
    "UV": 0.02577319587628866,
    "AmbientLight": 0.0
  },
  "2021-12-2-18-10": {
    "Temperature": 19.1,
    "Humidity": 78.546875,
    "Pressure": 1017.7994964522774,
    "UV": 0.02577319587628866,
    "AmbientLight": 21.551724137931032
  },
  "2021-12-2-18-11": {
    "Temperature": 19.9,
    "Humidity": 78.421875,
    "Pressure": 1017.7994964522774,
    "UV": 0.0,
    "AmbientLight": 0.0
  },
  "2021-12-2-18-12": {
    "Temperature": 20.32,
    "Humidity": 76.921875,
    "Pressure": 1017.7470054169528,
    "UV": 0.0,
    "AmbientLight": 0.0
  },
  "2021-12-2-18-13": {
    "Temperature": 20.4,
    "Humidity": 75.765625,
    "Pressure": 1017.7470054169528,
    "UV": 0.0,
    "AmbientLight": 0.0
  },
  "2021-12-2-18-14": {
    "Temperature": 20.36,
    "Humidity": 74.96875,
    "Pressure": 1017.7994964522774,
    "UV": 0.0,
    "AmbientLight": 0.0
  },
  "2021-12-2-18-15": {
    "Temperature": 20.18,
    "Humidity": 74.328125,
    "Pressure": 1017.8126192111085,
    "UV": 0.0,
    "AmbientLight": 43.103448275862064
  },
  "2021-12-2-18-16": {
    "Temperature": 19.8,
    "Humidity": 73.71875,
    "Pressure": 1017.7994964522774,
    "UV": 0.0,
    "AmbientLight": 0.0
  },
  "2021-12-2-18-17": {
    "Temperature": 19.34,
    "Humidity": 73.609375,
    "Pressure": 1017.7994964522774,
    "UV": 0.0,
    "AmbientLight": 0.0
  },
  "2021-12-2-18-18": {
    "Temperature": 18.84,
    "Humidity": 73.5625,
    "Pressure": 1017.8126192111085,
    "UV": 0.05154639175257732,
    "AmbientLight": 21.551724137931032
  },
  "2021-12-2-18-19": {
    "Temperature": 18.34,
    "Humidity": 73.765625,
    "Pressure": 1017.8388647287709,
    "UV": 0.0,
    "AmbientLight": 0.0
  },
  "2021-12-2-18-20": {
    "Temperature": 17.96,
    "Humidity": 74.234375,
    "Pressure": 1017.7470054169528,
    "UV": 0.0,
    "AmbientLight": 0.0
  },
  "2021-12-2-18-21": {
    "Temperature": 17.72,
    "Humidity": 74.78125,
    "Pressure": 1017.7994964522774,
    "UV": 0.0,
    "AmbientLight": 0.0
  },
  "2021-12-2-18-22": {
    "Temperature": 17.56,
    "Humidity": 75.25,
    "Pressure": 1017.8126192111085,
    "UV": 0.0,
    "AmbientLight": 0.0
  },
  "2021-12-2-18-23": {
    "Temperature": 17.56,
    "Humidity": 76.0,
    "Pressure": 1017.8388647287709,
    "UV": 0.0,
    "AmbientLight": 21.551724137931032
  },
  "2021-12-2-18-24": {
    "Temperature": 17.72,
    "Humidity": 76.625,
    "Pressure": 1017.8651102464332,
    "UV": 0.0,
    "AmbientLight": 0.0
  },
  "2021-12-2-18-25": {
    "Temperature": 18.08,
    "Humidity": 77.390625,
    "Pressure": 1017.8913557640955,
    "UV": 0.02577319587628866,
    "AmbientLight": 21.551724137931032
  },
  "2021-12-2-18-26": {
    "Temperature": 18.64,
    "Humidity": 77.875,
    "Pressure": 1017.930724040589,
    "UV": 0.0,
    "AmbientLight": 0.0
  },
  "2021-12-2-18-27": {
    "Temperature": 19.32,
    "Humidity": 78.15625,
    "Pressure": 1017.9569695582513,
    "UV": 0.05154639175257732,
    "AmbientLight": 0.0
  },
  "2021-12-2-18-28": {
    "Temperature": 19.98,
    "Humidity": 77.71875,
    "Pressure": 1017.9832150759137,
    "UV": 0.02577319587628866,
    "AmbientLight": 0.0
  },
  "2021-12-2-18-29": {
    "Temperature": 20.3,
    "Humidity": 76.484375,
    "Pressure": 1017.9044785229266,
    "UV": 0.0,
    "AmbientLight": 0.0
  },
  "2021-12-2-18-30": {
    "Temperature": 20.28,
    "Humidity": 75.421875,
    "Pressure": 1017.9569695582513,
    "UV": 0.05154639175257732,
    "AmbientLight": 0.0
  }
}