{
  "2021-12-2-14-45": {
    "Temperature": 26.02,
    "Humidity": 64.96875,
    "Pressure": 1015.699855039292,
    "UV": 1.1597938144329896,
    "AmbientLight": 5625.0
  },
  "2021-12-2-14-46": {
    "Temperature": 25.78,
    "Humidity": 65.375,
    "Pressure": 1015.699855039292,
    "UV": 1.2371134020618555,
    "AmbientLight": 4202.586206896552
  },
  "2021-12-2-14-47": {
    "Temperature": 25.56,
    "Humidity": 65.71875,
    "Pressure": 1015.6736095216297,
    "UV": 0.9278350515463917,
    "AmbientLight": 4590.51724137931
  },
  "2021-12-2-14-48": {
    "Temperature": 25.38,
    "Humidity": 66.0625,
    "Pressure": 1015.621118486305,
    "UV": 1.0309278350515463,
    "AmbientLight": 3965.5172413793102
  },
  "2021-12-2-14-49": {
    "Temperature": 25.22,
    "Humidity": 66.359375,
    "Pressure": 1015.6736095216297,
    "UV": 0.902061855670103,
    "AmbientLight": 4073.275862068965
  },
  "2021-12-2-14-50": {
    "Temperature": 25.14,
    "Humidity": 66.625,
    "Pressure": 1015.6079957274738,
    "UV": 0.9278350515463917,
    "AmbientLight": 3706.8965517241377
  },
  "2021-12-2-14-51": {
    "Temperature": 25.02,
    "Humidity": 66.84375,
    "Pressure": 1015.621118486305,
    "UV": 0.9536082474226804,
    "AmbientLight": 3469.8275862068963
  },
  "2021-12-2-14-52": {
    "Temperature": 24.94,
    "Humidity": 67.15625,
    "Pressure": 1015.6079957274738,
    "UV": 0.9536082474226804,
    "AmbientLight": 2931.0344827586205
  },
  "2021-12-2-14-53": {
    "Temperature": 24.86,
    "Humidity": 67.359375,
    "Pressure": 1015.5555046921493,
    "UV": 0.8762886597938143,
    "AmbientLight": 3749.9999999999995
  },
  "2021-12-2-14-54": {
    "Temperature": 24.76,
    "Humidity": 67.609375,
    "Pressure": 1015.5817502098115,
    "UV": 0.902061855670103,
    "AmbientLight": 3728.448275862069
  },
  "2021-12-2-14-55": {
    "Temperature": 24.72,
    "Humidity": 67.671875,
    "Pressure": 1015.5817502098115,
    "UV": 0.8505154639175256,
    "AmbientLight": 3275.8620689655168
  },
  "2021-12-2-14-56": {
    "Temperature": 24.62,
    "Humidity": 67.859375,
    "Pressure": 1015.5817502098115,
    "UV": 0.9278350515463917,
    "AmbientLight": 2521.5517241379307
  },
  "2021-12-2-14-57": {
    "Temperature": 24.54,
    "Humidity": 68.0625,
    "Pressure": 1015.6079957274738,
    "UV": 0.8247422680412371,
    "AmbientLight": 3254.310344827586
  },
  "2021-12-2-14-58": {
    "Temperature": 24.5,
    "Humidity": 68.21875,
    "Pressure": 1015.5817502098115,
    "UV": 0.8247422680412371,
    "AmbientLight": 3599.1379310344823
  },
  "2021-12-2-14-59": {
    "Temperature": 24.4,
    "Humidity": 68.34375,
    "Pressure": 1015.6473640039674,
    "UV": 0.902061855670103,
    "AmbientLight": 3038.793103448276
  }
}