{
  "2021-12-2-17-0": {
    "Temperature": 18.32,
    "Humidity": 79.8125,
    "Pressure": 1016.8152895399405,
    "UV": 0.0,
    "AmbientLight": 21.551724137931032
  },
  "2021-12-2-17-1": {
    "Temperature": 18.86,
    "Humidity": 79.890625,
    "Pressure": 1016.7627985046158,
    "UV": 0.02577319587628866,
    "AmbientLight": 21.551724137931032
  },
  "2021-12-2-17-2": {
    "Temperature": 19.14,
    "Humidity": 79.453125,
    "Pressure": 1016.7890440222782,
    "UV": 0.0,
    "AmbientLight": 0.0
  },
  "2021-12-2-17-3": {
    "Temperature": 19.24,
    "Humidity": 79.0625,
    "Pressure": 1016.7627985046158,
    "UV": 0.07731958762886597,
    "AmbientLight": 43.103448275862064
  },
  "2021-12-2-17-4": {
    "Temperature": 19.28,
    "Humidity": 78.640625,
    "Pressure": 1016.7627985046158,
    "UV": 0.0,
    "AmbientLight": 0.0
  },
  "2021-12-2-17-5": {
    "Temperature": 19.18,
    "Humidity": 78.453125,
    "Pressure": 1016.8415350576028,
    "UV": 0.0,
    "AmbientLight": 0.0
  },
  "2021-12-2-17-6": {
    "Temperature": 19.04,
    "Humidity": 78.125,
    "Pressure": 1016.8415350576028,
    "UV": 0.10309278350515463,
    "AmbientLight": 0.0
  },
  "2021-12-2-17-7": {
    "Temperature": 18.88,
    "Humidity": 78.125,
    "Pressure": 1016.7890440222782,
    "UV": 0.07731958762886597,
    "AmbientLight": 43.103448275862064
  },
  "2021-12-2-17-8": {
    "Temperature": 18.74,
    "Humidity": 78.078125,
    "Pressure": 1016.8152895399405,
    "UV": 0.0,
    "AmbientLight": 0.0
  },
  "2021-12-2-17-9": {
    "Temperature": 18.56,
    "Humidity": 78.0,
    "Pressure": 1016.8415350576028,
    "UV": 0.02577319587628866,
    "AmbientLight": 21.551724137931032
  },
  "2021-12-2-17-10": {
    "Temperature": 18.4,
    "Humidity": 78.03125,
    "Pressure": 1016.8677805752651,
    "UV": 0.02577319587628866,
    "AmbientLight": 21.551724137931032
  },
  "2021-12-2-17-11": {
    "Temperature": 18.22,
    "Humidity": 78.015625,
    "Pressure": 1016.8415350576028,
    "UV": 0.02577319587628866,
    "AmbientLight": 21.551724137931032
  },
  "2021-12-2-17-12": {
    "Temperature": 18.1,
    "Humidity": 78.0625,
    "Pressure": 1016.9202716105898,
    "UV": 0.02577319587628866,
    "AmbientLight": 21.551724137931032
  },
  "2021-12-2-17-13": {
    "Temperature": 17.96,
    "Humidity": 78.203125,
    "Pressure": 1016.8940260929274,
    "UV": 0.02577319587628866,
    "AmbientLight": 21.551724137931032
  },
  "2021-12-2-17-14": {
    "Temperature": 17.86,
    "Humidity": 78.328125,
    "Pressure": 1016.8940260929274,
    "UV": 0.0,
    "AmbientLight": 0.0
  },
  "2021-12-2-17-15": {
    "Temperature": 17.86,
    "Humidity": 78.5625,
    "Pressure": 1016.8940260929274,
    "UV": 0.0,
    "AmbientLight": 21.551724137931032
  },
  "2021-12-2-17-16": {
    "Temperature": 17.84,
    "Humidity": 78.765625,
    "Pressure": 1016.8677805752651,
    "UV": 0.0,
    "AmbientLight": 21.551724137931032
  },
  "2021-12-2-17-17": {
    "Temperature": 17.98,
    "Humidity": 79.0,
    "Pressure": 1016.9202716105898,
    "UV": 0.02577319587628866,
    "AmbientLight": 0.0
  },
  "2021-12-2-17-18": {
    "Temperature": 18.22,
    "Humidity": 79.359375,
    "Pressure": 1016.946517128252,
    "UV": 0.0,
    "AmbientLight": 21.551724137931032
  },
  "2021-12-2-17-19": {
    "Temperature": 18.52,
    "Humidity": 79.453125,
    "Pressure": 1016.946517128252,
    "UV": 0.02577319587628866,
    "AmbientLight": 0.0
  },
  "2021-12-2-17-20": {
    "Temperature": 18.86,
    "Humidity": 79.328125,
    "Pressure": 1016.946517128252,
    "UV": 0.0,
    "AmbientLight": 0.0
  },
  "2021-12-2-17-21": {
    "Temperature": 19.06,
    "Humidity": 79.078125,
    "Pressure": 1016.9727626459144,
    "UV": 0.07731958762886597,
    "AmbientLight": 0.0
  },
  "2021-12-2-17-22": {
    "Temperature": 19.14,
    "Humidity": 78.75,
    "Pressure": 1017.0121309224079,
    "UV": 0.0,
    "AmbientLight": 21.551724137931032
  },
  "2021-12-2-17-23": {
    "Temperature": 19.08,
    "Humidity": 78.390625,
    "Pressure": 1017.0121309224079,
    "UV": 0.0,
    "AmbientLight": 0.0
  },
  "2021-12-2-17-24": {
    "Temperature": 18.98,
    "Humidity": 78.1875,
    "Pressure": 1017.0121309224079,
    "UV": 0.0,
    "AmbientLight": 21.551724137931032
  },
  "2021-12-2-17-25": {
    "Temperature": 18.84,
    "Humidity": 77.90625,
    "Pressure": 1017.0383764400702,
    "UV": 0.0,
    "AmbientLight": 0.0
  },
  "2021-12-2-17-26": {
    "Temperature": 18.68,
    "Humidity": 77.921875,
    "Pressure": 1017.0646219577325,
    "UV": 0.0,
    "AmbientLight": 0.0
  },
  "2021-12-2-17-27": {
    "Temperature": 18.52,
    "Humidity": 77.96875,
    "Pressure": 1017.0383764400702,
    "UV": 0.0,
    "AmbientLight": 64.6551724137931
  },
  "2021-12-2-17-28": {
    "Temperature": 18.36,
    "Humidity": 77.84375,
    "Pressure": 1017.0383764400702,
    "UV": 0.0,
    "AmbientLight": 43.103448275862064
  },
  "2021-12-2-17-29": {
    "Temperature": 18.2,
    "Humidity": 77.875,
    "Pressure": 1017.0646219577325,
    "UV": 0.0,
    "AmbientLight": 0.0
  },
  "2021-12-2-17-30": {
    "Temperature": 18.04,
    "Humidity": 77.90625,
    "Pressure": 1017.1171129930572,
    "UV": 0.05154639175257732,
    "AmbientLight": 21.551724137931032
  }
}