{
  "2021-12-2-15-0": {
    "Temperature": 23.5,
    "Humidity": 77.921875,
    "Pressure": 1015.9623102159152,
    "UV": 0.7989690721649484,
    "AmbientLight": 2607.758620689655
  },
  "2021-12-2-15-1": {
    "Temperature": 23.48,
    "Humidity": 77.890625,
    "Pressure": 1015.9885557335775,
    "UV": 0.38659793814432986,
    "AmbientLight": 1422.4137931034481
  },
  "2021-12-2-15-2": {
    "Temperature": 23.44,
    "Humidity": 77.9375,
    "Pressure": 1015.949187457084,
    "UV": 0.3608247422680412,
    "AmbientLight": 1530.1724137931033
  },
  "2021-12-2-15-3": {
    "Temperature": 23.32,
    "Humidity": 78.171875,
    "Pressure": 1016.0410467689021,
    "UV": 0.6185567010309277,
    "AmbientLight": 1982.7586206896551
  },
  "2021-12-2-15-4": {
    "Temperature": 23.26,
    "Humidity": 78.328125,
    "Pressure": 1015.9885557335775,
    "UV": 0.5154639175257731,
    "AmbientLight": 2176.7241379310344
  },
  "2021-12-2-15-5": {
    "Temperature": 23.2,
    "Humidity": 78.5,
    "Pressure": 1016.0410467689021,
    "UV": 0.33505154639175255,
    "AmbientLight": 1228.4482758620688
  },
  "2021-12-2-15-6": {
    "Temperature": 23.2,
    "Humidity": 78.484375,
    "Pressure": 1016.1066605630579,
    "UV": 0.3092783505154639,
    "AmbientLight": 1293.1034482758619
  },
  "2021-12-2-15-7": {
    "Temperature": 23.14,
    "Humidity": 78.5625,
    "Pressure": 1016.0541695277333,
    "UV": 0.5927835051546391,
    "AmbientLight": 2952.5862068965516
  },
  "2021-12-2-15-8": {
    "Temperature": 23.08,
    "Humidity": 78.65625,
    "Pressure": 1016.0541695277333,
    "UV": 0.43814432989690716,
    "AmbientLight": 1551.7241379310344
  },
  "2021-12-2-15-9": {
    "Temperature": 23.02,
    "Humidity": 78.75,
    "Pressure": 1016.1329060807202,
    "UV": 0.5670103092783505,
    "AmbientLight": 2219.8275862068963
  },
  "2021-12-2-15-10": {
    "Temperature": 22.94,
    "Humidity": 79.015625,
    "Pressure": 1016.1329060807202,
    "UV": 0.25773195876288657,
    "AmbientLight": 1206.896551724138
  },
  "2021-12-2-15-11": {
    "Temperature": 22.84,
    "Humidity": 79.171875,
    "Pressure": 1016.1591515983826,
    "UV": 0.23195876288659792,
    "AmbientLight": 797.4137931034483
  },
  "2021-12-2-15-12": {
    "Temperature": 22.78,
    "Humidity": 79.203125,
    "Pressure": 1016.1329060807202,
    "UV": 0.28350515463917525,
    "AmbientLight": 1077.5862068965516
  },
  "2021-12-2-15-13": {
    "Temperature": 22.72,
    "Humidity": 79.28125,
    "Pressure": 1016.1591515983826,
    "UV": 0.5154639175257731,
    "AmbientLight": 2607.758620689655
  },
  "2021-12-2-15-14": {
    "Temperature": 22.64,
    "Humidity": 79.453125,
    "Pressure": 1016.1329060807202,
    "UV": 0.23195876288659792,
    "AmbientLight": 926.7241379310344
  },
  "2021-12-2-15-15": {
    "Temperature": 22.58,
    "Humidity": 79.5625,
    "Pressure": 1016.1591515983826,
    "UV": 0.25773195876288657,
    "AmbientLight": 1034.4827586206895
  },
  "2021-12-2-15-16": {
    "Temperature": 22.48,
    "Humidity": 79.703125,
    "Pressure": 1016.1985198748761,
    "UV": 0.25773195876288657,
    "AmbientLight": 1012.9310344827585
  },
  "2021-12-2-15-17": {
    "Temperature": 22.46,
    "Humidity": 79.875,
    "Pressure": 1016.1985198748761,
    "UV": 0.23195876288659792,
    "AmbientLight": 840.5172413793102
  },
  "2021-12-2-15-18": {
    "Temperature": 22.38,
    "Humidity": 79.921875,
    "Pressure": 1016.2903791866942,
    "UV": 0.23195876288659792,
    "AmbientLight": 818.9655172413792
  },
  "2021-12-2-15-19": {
    "Temperature": 22.32,
    "Humidity": 80.109375,
    "Pressure": 1016.2641336690318,
    "UV": 0.15463917525773194,
    "AmbientLight": 883.6206896551723
  },
  "2021-12-2-15-20": {
    "Temperature": 22.22,
    "Humidity": 80.3125,
    "Pressure": 1016.2903791866942,
    "UV": 0.41237113402061853,
    "AmbientLight": 1530.1724137931033
  },
  "2021-12-2-15-21": {
    "Temperature": 22.16,
    "Humidity": 80.3125,
    "Pressure": 1016.2641336690318,
    "UV": 0.28350515463917525,
    "AmbientLight": 1163.7931034482758
  },
  "2021-12-2-15-22": {
    "Temperature": 22.08,
    "Humidity": 80.46875,
    "Pressure": 1016.3166247043564,
    "UV": 0.43814432989690716,
    "AmbientLight": 1530.1724137931033
  },
  "2021-12-2-15-23": {
    "Temperature": 22.0,
    "Humidity": 80.625,
    "Pressure": 1016.4609750514992,
    "UV": 0.41237113402061853,
    "AmbientLight": 1293.1034482758619
  },
  "2021-12-2-15-24": {
    "Temperature": 21.9,
    "Humidity": 80.953125,
    "Pressure": 1016.3559929808499,
    "UV": 0.46391752577319584,
    "AmbientLight": 1443.9655172413793
  },
  "2021-12-2-15-25": {
    "Temperature": 21.8,
    "Humidity": 80.984375,
    "Pressure": 1016.4609750514992,
    "UV": 0.10309278350515463,
    "AmbientLight": 689.655172413793
  },
  "2021-12-2-15-26": {
    "Temperature": 21.72,
    "Humidity": 81.203125,
    "Pressure": 1016.4347295338368,
    "UV": 0.1804123711340206,
    "AmbientLight": 711.2068965517241
  },
  "2021-12-2-15-27": {
    "Temperature": 21.64,
    "Humidity": 81.375,
    "Pressure": 1016.4347295338368,
    "UV": 0.15463917525773194,
    "AmbientLight": 711.2068965517241
  },
  "2021-12-2-15-28": {
    "Temperature": 21.52,
    "Humidity": 81.640625,
    "Pressure": 1016.4347295338368,
    "UV": 0.3092783505154639,
    "AmbientLight": 2262.9310344827586
  },
  "2021-12-2-15-29": {
    "Temperature": 21.4,
    "Humidity": 81.8125,
    "Pressure": 1016.4084840161746,
    "UV": 0.28350515463917525,
    "AmbientLight": 969.8275862068965
  },
  "2021-12-2-15-30": {
    "Temperature": 21.32,
    "Humidity": 82.0625,
    "Pressure": 1016.4609750514992,
    "UV": 0.07731958762886597,
    "AmbientLight": 581.8965517241379
  },
  "2021-12-2-15-31": {
    "Temperature": 21.16,
    "Humidity": 82.3125,
    "Pressure": 1016.4740978103304,
    "UV": 0.12886597938144329,
    "AmbientLight": 646.5517241379309
  },
  "2021-12-2-15-32": {
    "Temperature": 21.06,
    "Humidity": 82.59375,
    "Pressure": 1016.4740978103304,
    "UV": 0.15463917525773194,
    "AmbientLight": 538.7931034482758
  },
  "2021-12-2-15-33": {
    "Temperature": 20.96,
    "Humidity": 82.703125,
    "Pressure": 1016.4609750514992,
    "UV": 0.20618556701030927,
    "AmbientLight": 689.655172413793
  },
  "2021-12-2-15-34": {
    "Temperature": 20.86,
    "Humidity": 82.9375,
    "Pressure": 1016.4609750514992,
    "UV": 0.15463917525773194,
    "AmbientLight": 581.8965517241379
  },
  "2021-12-2-15-35": {
    "Temperature": 20.72,
    "Humidity": 83.296875,
    "Pressure": 1016.4347295338368,
    "UV": 0.15463917525773194,
    "AmbientLight": 431.03448275862064
  },
  "2021-12-2-15-36": {
    "Temperature": 20.64,
    "Humidity": 83.640625,
    "Pressure": 1016.3822384985123,
    "UV": 0.1804123711340206,
    "AmbientLight": 560.3448275862069
  },
  "2021-12-2-15-37": {
    "Temperature": 20.52,
    "Humidity": 83.8125,
    "Pressure": 1016.4347295338368,
    "UV": 0.12886597938144329,
    "AmbientLight": 603.448275862069
  },
  "2021-12-2-15-38": {
    "Temperature": 20.42,
    "Humidity": 84.125,
    "Pressure": 1016.4347295338368,
    "UV": 0.07731958762886597,
    "AmbientLight": 431.03448275862064
  },
  "2021-12-2-15-39": {
    "Temperature": 20.32,
    "Humidity": 84.234375,
    "Pressure": 1016.4084840161746,
    "UV": 0.20618556701030927,
    "AmbientLight": 689.655172413793
  },
  "2021-12-2-15-40": {
    "Temperature": 20.24,
    "Humidity": 84.5,
    "Pressure": 1016.4084840161746,
    "UV": 0.15463917525773194,
    "AmbientLight": 818.9655172413792
  },
  "2021-12-2-15-41": {
    "Temperature": 20.06,
    "Humidity": 84.640625,
    "Pressure": 1016.4740978103304,
    "UV": 0.12886597938144329,
    "AmbientLight": 344.8275862068965
  },
  "2021-12-2-15-42": {
    "Temperature": 19.98,
    "Humidity": 84.9375,
    "Pressure": 1016.5003433279927,
    "UV": 0.07731958762886597,
    "AmbientLight": 474.13793103448273
  },
  "2021-12-2-15-43": {
    "Temperature": 19.88,