{
  "2021-12-1-1-0": {
    "Temperature": 17.42,
    "Humidity": 81.328125,
    "Pressure": 1009.4665445944914,
    "UV": 0.0,
    "AmbientLight": 0.0
  },
  "2021-12-1-1-1": {
    "Temperature": 17.06,
    "Humidity": 83.171875,
    "Pressure": 1009.3746852826733,
    "UV": 0.02577319587628866,
    "AmbientLight": 0.0
  },
  "2021-12-1-1-2": {
    "Temperature": 17.14,
    "Humidity": 84.515625,
    "Pressure": 1008.9941252765698,
    "UV": 0.0,
    "AmbientLight": 21.551724137931032
  },
  "2021-12-1-1-3": {
    "Temperature": 17.34,
    "Humidity": 84.5,
    "Pressure": 1008.8760204470893,
    "UV": 0.0,
    "AmbientLight": 43.103448275862064
  },
  "2021-12-1-1-4": {
    "Temperature": 17.66,
    "Humidity": 84.21875,
    "Pressure": 1008.9022659647517,
    "UV": 0.02577319587628866,
    "AmbientLight": 43.103448275862064
  },
  "2021-12-1-1-5": {
    "Temperature": 18.14,
    "Humidity": 83.671875,
    "Pressure": 1008.7841611352712,
    "UV": 0.0,
    "AmbientLight": 0.0
  },
  "2021-12-1-1-6": {
    "Temperature": 19.14,
    "Humidity": 82.53125,
    "Pressure": 1008.7841611352712,
    "UV": 0.0,
    "AmbientLight": 21.551724137931032
  },
  "2021-12-1-1-7": {
    "Temperature": 20.44,
    "Humidity": 80.703125,
    "Pressure": 1008.8366521705958,
    "UV": 0.0,
    "AmbientLight": 0.0
  },
  "2021-12-1-1-8": {
    "Temperature": 21.88,
    "Humidity": 77.9375,
    "Pressure": 1008.849774929427,
    "UV": 0.0,
    "AmbientLight": 0.0
  },
  "2021-12-1-1-9": {
    "Temperature": 23.26,
    "Humidity": 72.9375,
    "Pressure": 1008.7841611352712,
    "UV": 0.0,
    "AmbientLight": 21.551724137931032
  },
  "2021-12-1-1-10": {
    "Temperature": 22.94,
    "Humidity": 70.390625,
    "Pressure": 1008.6923018234531,
    "UV": 0.0,
    "AmbientLight": 0.0
  },
  "2021-12-1-1-11": {
    "Temperature": 22.32,
    "Humidity": 70.421875,
    "Pressure": 1008.6923018234531,
    "UV": 0.0,
    "AmbientLight": 43.103448275862064
  },
  "2021-12-1-1-12": {
    "Temperature": 21.36,
    "Humidity": 71.0625,
    "Pressure": 1008.7579156176089,
    "UV": 0.0,
    "AmbientLight": 0.0
  },
  "2021-12-1-1-13": {
    "Temperature": 20.28,
    "Humidity": 72.984375,
    "Pressure": 1008.6529335469596,
    "UV": 0.0,
    "AmbientLight": 0.0
  },
  "2021-12-1-1-14": {
    "Temperature": 19.34,
    "Humidity": 74.96875,
    "Pressure": 1008.5348287174792,
    "UV": 0.0,
    "AmbientLight": 0.0
  },
  "2021-12-1-1-15": {
    "Temperature": 18.68,
    "Humidity": 76.953125,
    "Pressure": 1008.4429694056611,
    "UV": 0.05154639175257732,
    "AmbientLight": 0.0
  },
  "2021-12-1-1-16": {
    "Temperature": 18.14,
    "Humidity": 78.46875,
    "Pressure": 1008.4429694056611,
    "UV": 0.0,
    "AmbientLight": 0.0
  },
  "2021-12-1-1-17": {
    "Temperature": 17.7,
    "Humidity": 80.0625,
    "Pressure": 1008.3379873350118,
    "UV": 0.02577319587628866,
    "AmbientLight": 0.0
  },
  "2021-12-1-1-18": {
    "Temperature": 17.34,
    "Humidity": 81.9375,
    "Pressure": 1008.3248645761806,
    "UV": 0.0,
    "AmbientLight": 43.103448275862064
  },
  "2021-12-1-1-19": {
    "Temperature": 17.04,
    "Humidity": 83.265625,
    "Pressure": 1008.272373540856,
    "UV": 0.0,
    "AmbientLight": 43.103448275862064
  },
  "2021-12-1-1-20": {
    "Temperature": 17.0,
    "Humidity": 84.71875,
    "Pressure": 1008.2986190585184,
    "UV": 0.0,
    "AmbientLight": 21.551724137931032
  },
  "2021-12-1-1-21": {
    "Temperature": 17.24,
    "Humidity": 84.96875,
    "Pressure": 1008.2330052643625,
    "UV": 0.0,
    "AmbientLight": 21.551724137931032
  }
}