{
  "2021-12-2-16-0": {
    "Temperature": 18.02,
    "Humidity": 88.203125,
    "Pressure": 1016.6709391927977,
    "UV": 0.12886597938144329,
    "AmbientLight": 193.9655172413793
  },
  "2021-12-2-16-1": {
    "Temperature": 17.92,
    "Humidity": 88.46875,
    "Pressure": 1016.7103074692913,
    "UV": 0.0,
    "AmbientLight": 172.41379310344826
  },
  "2021-12-2-16-2": {
    "Temperature": 17.82,
    "Humidity": 88.625,
    "Pressure": 1016.8021667811093,
    "UV": 0.02577319587628866,
    "AmbientLight": 193.9655172413793
  },
  "2021-12-2-16-3": {
    "Temperature": 17.74,
    "Humidity": 88.609375,
    "Pressure": 1016.7103074692913,
    "UV": 0.0,
    "AmbientLight": 215.51724137931032
  },
  "2021-12-2-16-4": {
    "Temperature": 17.68,
    "Humidity": 88.59375,
    "Pressure": 1016.7627985046158,
    "UV": 0.02577319587628866,
    "AmbientLight": 301.7241379310345
  },
  "2021-12-2-16-5": {
    "Temperature": 17.58,
    "Humidity": 88.953125,
    "Pressure": 1016.7365529869535,
    "UV": 0.05154639175257732,
    "AmbientLight": 86.20689655172413
  },
  "2021-12-2-16-6": {
    "Temperature": 17.54,
    "Humidity": 89.546875,
    "Pressure": 1016.775921263447,
    "UV": 0.07731958762886597,
    "AmbientLight": 193.9655172413793
  },
  "2021-12-2-16-7": {
    "Temperature": 17.52,
    "Humidity": 89.921875,
    "Pressure": 1016.8546578164339,
    "UV": 0.07731958762886597,
    "AmbientLight": 193.9655172413793
  },
  "2021-12-2-16-8": {
    "Temperature": 17.58,
    "Humidity": 90.21875,
    "Pressure": 1016.8940260929274,
    "UV": 0.05154639175257732,
    "AmbientLight": 258.6206896551724
  },
  "2021-12-2-16-9": {
    "Temperature": 17.6,
    "Humidity": 90.515625,
    "Pressure": 1016.8809033340963,
    "UV": 0.0,
    "AmbientLight": 86.20689655172413
  },
  "2021-12-2-16-10": {
    "Temperature": 17.62,
    "Humidity": 90.4375,
    "Pressure": 1016.8940260929274,
    "UV": 0.12886597938144329,
    "AmbientLight": 150.86206896551724
  },
  "2021-12-2-16-11": {
    "Temperature": 17.62,
    "Humidity": 90.75,
    "Pressure": 1016.8940260929274,
    "UV": 0.0,
    "AmbientLight": 129.3103448275862
  },
  "2021-12-2-16-12": {
    "Temperature": 17.56,
    "Humidity": 91.328125,
    "Pressure": 1016.8809033340963,
    "UV": 0.02577319587628866,
    "AmbientLight": 150.86206896551724
  },
  "2021-12-2-16-13": {
    "Temperature": 17.7,
    "Humidity": 91.203125,
    "Pressure": 1016.8284122987717,
    "UV": 0.05154639175257732,
    "AmbientLight": 64.6551724137931
  },
  "2021-12-2-16-14": {
    "Temperature": 17.84,
    "Humidity": 90.859375,
    "Pressure": 1016.8940260929274,
    "UV": 0.0,
    "AmbientLight": 172.41379310344826
  },
  "2021-12-2-16-15": {
    "Temperature": 17.96,
    "Humidity": 90.546875,
    "Pressure": 1016.9727626459144,
    "UV": 0.05154639175257732,
    "AmbientLight": 86.20689655172413
  },
  "2021-12-2-16-16": {
    "Temperature": 18.34,
    "Humidity": 90.234375,
    "Pressure": 1016.9202716105898,
    "UV": 0.0,
    "AmbientLight": 150.86206896551724
  },
  "2021-12-2-16-17": {
    "Temperature": 19.18,
    "Humidity": 88.71875,
    "Pressure": 1016.8809033340963,
    "UV": 0.0,
    "AmbientLight": 150.86206896551724
  },
  "2021-12-2-16-18": {
    "Temperature": 20.2,
    "Humidity": 86.40625,
    "Pressure": 1016.9858854047455,
    "UV": 0.05154639175257732,
    "AmbientLight": 64.6551724137931
  },
  "2021-12-2-16-19": {
    "Temperature": 21.3,
    "Humidity": 83.25,
    "Pressure": 1016.946517128252,
    "UV": 0.05154639175257732,
    "AmbientLight": 172.41379310344826
  },
  "2021-12-2-16-20": {
    "Temperature": 21.18,
    "Humidity": 80.296875,
    "Pressure": 1016.9202716105898,
    "UV": 0.10309278350515463,
    "AmbientLight": 64.6551724137931
  },
  "2021-12-2-16-21": {
    "Temperature": 20.28,
    "Humidity": 80.4375,
    "Pressure": 1016.946517128252,
    "UV": 0.0,
    "AmbientLight": 86.20689655172413
  },
  "2021-12-2-16-22": {
    "Temperature": 19.4,
    "Humidity": 81.625,
    "Pressure": 1016.946517128252,
    "UV": 0.0,
    "AmbientLight": 43.103448275862064
  },
  "2021-12-2-16-23": {
    "Temperature": 18.8,
    "Humidity": 83.421875,
    "Pressure": 1016.946517128252,
    "UV": 0.02577319587628866,
    "AmbientLight": 86.20689655172413
  },
  "2021-12-2-16-24": {
    "Temperature": 18.38,
    "Humidity": 85.09375,
    "Pressure": 1016.9202716105898,
    "UV": 0.0,
    "AmbientLight": 21.551724137931032
  },
  "2021-12-2-16-25": {
    "Temperature": 18.1,
    "Humidity": 86.0625,
    "Pressure": 1016.8940260929274,
    "UV": 0.0,
    "AmbientLight": 21.551724137931032
  },
  "2021-12-2-16-26": {
    "Temperature": 17.94,
    "Humidity": 86.328125,
    "Pressure": 1016.946517128252,
    "UV": 0.0,
    "AmbientLight": 43.103448275862064
  },
  "2021-12-2-16-27": {
    "Temperature": 17.68,
    "Humidity": 87.5625,
    "Pressure": 1016.8546578164339,
    "UV": 0.02577319587628866,
    "AmbientLight": 21.551724137931032
  },
  "2021-12-2-16-28": {
    "Temperature": 17.48,
    "Humidity": 87.8125,
    "Pressure": 1016.9202716105898,
    "UV": 0.07731958762886597,
    "AmbientLight": 43.103448275862064
  },
  "2021-12-2-16-29": {
    "Temperature": 17.28,
    "Humidity": 88.5,
    "Pressure": 1016.8809033340963,
    "UV": 0.0,
    "AmbientLight": 43.103448275862064
  },
  "2021-12-2-16-30": {
    "Temperature": 17.08,
    "Humidity": 88.8125,
    "Pressure": 1016.8546578164339,
    "UV": 0.0,
    "AmbientLight": 43.103448275862064
  },
  "2021-12-2-16-31": {
    "Temperature": 17.04,
    "Humidity": 90.140625,
    "Pressure": 1016.8940260929274,
    "UV": 0.02577319587628866,
    "AmbientLight": 21.551724137931032
  },
  "2021-12-2-16-32": {
    "Temperature": 17.12,
    "Humidity": 90.171875,
    "Pressure": 1016.8809033340963,
    "UV": 0.0,
    "AmbientLight": 64.6551724137931
  },
  "2021-12-2-16-33": {
    "Temperature": 17.18,
    "Humidity": 89.90625,
    "Pressure": 1016.8809033340963,
    "UV": 0.0,
    "AmbientLight": 21.551724137931032
  },
  "2021-12-2-16-34": {
    "Temperature": 17.3,
    "Humidity": 89.890625,
    "Pressure": 1016.8809033340963,
    "UV": 0.0,
    "AmbientLight": 0.0
  },
  "2021-12-2-16-35": {
    "Temperature": 17.8,
    "Humidity": 89.546875,
    "Pressure": 1016.8284122987717,
    "UV": 0.05154639175257732,
    "AmbientLight": 43.103448275862064
  },
  "2021-12-2-16-36": {
    "Temperature": 18.7,
    "Humidity": 87.703125,
    "Pressure": 1016.8809033340963,
    "UV": 0.0,
    "AmbientLight": 21.551724137931032
  },
  "2021-12-2-16-37": {
    "Temperature": 19.92,
    "Humidity": 85.671875,
    "Pressure": 1016.8284122987717,
    "UV": 0.05154639175257732,
    "AmbientLight": 43.103448275862064
  },
  "2021-12-2-16-38": {
    "Temperature": 21.38,
    "Humidity": 83.46875,
    "Pressure": 1016.8809033340963,
    "UV": 0.0,
    "AmbientLight": 86.20689655172413
  },
  "2021-12-2-16-39": {
    "Temperature": 23.1,
    "Humidity": 78.640625,
    "Pressure": 1016.8284122987717,
    "UV": 0.0,
    "AmbientLight": 64.6551724137931
  },
  "2021-12-2-16-40": {
    "Temperature": 23.38,
    "Humidity": 73.921875,
    "Pressure": 1016.8021667811093,
    "UV": 0.02577319587628866,
    "AmbientLight": 21.551724137931032
  },
  "2021-12-2-16-41": {
    "Temperature": 22.74,
    "Humidity": 73.078125,
    "Pressure": 1016.8021667811093,
    "UV": 0.0,
    "AmbientLight": 21.551724137931032
  },
  "2021-12-2-16-42": {
    "Temperature": 22.16,
    "Humidity": 73.265625,
    "Pressure": 1016.8021667811093,
    "UV": 0.05154639175257732,
    "AmbientLight": 0.0
  },
  "2021-12-2-16-43": {
    "Temperature": 21.04,
    "Humidity": 74.21875,
    "Pressure": 1016.8284122987717,
    "UV": 0.05154639175257732,
    "AmbientLight": 0.0
  },
  "2021-12-2-16-44": {
    "Temperature": 20.04,
    "Humidity": 75.875,
    "Pressure": 1016.8809033340963,
    "UV": 0.0,
    "AmbientLight": 21.551724137931032
  },
  "2021-12-2-16-45": {
    "Temperature": 19.26,