{
  "2021-12-2-14-46": {
    "Temperature": 23.78,
    "Humidity": 77.28125,
    "Pressure": 1015.8442053864347,
    "UV": 0.3608247422680412,
    "AmbientLight": 1443.9655172413793
  },
  "2021-12-2-14-47": {
    "Temperature": 23.8,
    "Humidity": 77.421875,
    "Pressure": 1015.9623102159152,
    "UV": 0.6701030927835051,
    "AmbientLight": 5172.4137931034475
  },
  "2021-12-2-14-48": {
    "Temperature": 23.78,
    "Humidity": 77.421875,
    "Pressure": 1015.9623102159152,
    "UV": 0.6958762886597938,
    "AmbientLight": 2543.103448275862
  },
  "2021-12-2-14-49": {
    "Temperature": 23.74,
    "Humidity": 77.484375,
    "Pressure": 1015.9623102159152,
    "UV": 0.5670103092783505,
    "AmbientLight": 2176.7241379310344
  },
  "2021-12-2-14-50": {
    "Temperature": 23.78,
    "Humidity": 77.5,
    "Pressure": 1015.9229419394217,
    "UV": 0.3092783505154639,
    "AmbientLight": 1228.4482758620688
  },
  "2021-12-2-14-51": {
    "Temperature": 23.82,
    "Humidity": 77.390625,
    "Pressure": 1015.949187457084,
    "UV": 0.28350515463917525,
    "AmbientLight": 1314.655172413793
  },
  "2021-12-2-14-52": {
    "Temperature": 23.86,
    "Humidity": 77.515625,
    "Pressure": 1015.8704509040971,
    "UV": 0.28350515463917525,
    "AmbientLight": 1271.551724137931
  },
  "2021-12-2-14-53": {
    "Temperature": 23.8,
    "Humidity": 77.40625,
    "Pressure": 1015.8966964217593,
    "UV": 0.38659793814432986,
    "AmbientLight": 1185.3448275862067
  },
  "2021-12-2-14-54": {
    "Temperature": 23.76,
    "Humidity": 77.40625,
    "Pressure": 1015.8442053864347,
    "UV": 0.6958762886597938,
    "AmbientLight": 2413.793103448276
  },
  "2021-12-2-14-55": {
    "Temperature": 23.74,
    "Humidity": 77.453125,
    "Pressure": 1015.9229419394217,
    "UV": 0.38659793814432986,
    "AmbientLight": 1637.9310344827584
  },
  "2021-12-2-14-56": {
    "Temperature": 23.7,
    "Humidity": 77.578125,
    "Pressure": 1015.8442053864347,
    "UV": 0.7731958762886597,
    "AmbientLight": 2392.2413793103447
  },
  "2021-12-2-14-57": {
    "Temperature": 23.66,
    "Humidity": 77.546875,
    "Pressure": 1015.8442053864347,
    "UV": 0.28350515463917525,
    "AmbientLight": 1271.551724137931
  },
  "2021-12-2-14-58": {
    "Temperature": 23.62,
    "Humidity": 77.609375,
    "Pressure": 1015.949187457084,
    "UV": 0.3092783505154639,
    "AmbientLight": 1077.5862068965516
  },
  "2021-12-2-14-59": {
    "Temperature": 23.54,
    "Humidity": 77.6875,
    "Pressure": 1015.9623102159152,
    "UV": 0.6958762886597938,
    "AmbientLight": 3340.5172413793102
  }
}